Workbook

Sheet алые 25
A1: Наименование | B1: Состав | C1: объем | D1: ст. литра | E1: сс | F1: сс позиции | G1: Цена | H1: НАЦЕНКА
A2: Patience | B2: Джин - 40 | C2: 0.04 | D2: =#REF! -> #REF! | E2: =D2*C2 -> #REF! | F2: =SUM(E2:E8) -> #REF! | G2: 700 | H2: =(G2-F2)/F2*100 -> #REF!
B3: Персиковый ликер 20 | C3: 0.02 | D3: =#REF! -> #REF! | E3: =D3*C3 -> #REF!
B4: Сок яблоко 60 | C4: 0.06 | D4: =#REF! -> #REF! | E4: =D4*C4 -> #REF!
B5: Сироп юзу 10 | C5: 0.01 | D5: 480 | E5: =D5*C5 -> 4.8
B6: Сироп ваниль 20 | C6: 0.02 | D6: =#REF! -> #REF! | E6: =D6*C6 -> #REF!
B7: белок | C7: 0.02 | D7: =#REF! -> #REF! | E7: =D7*C7 -> #REF!
B8: Лимонный 30 | C8: 0.06 | D8: =#REF! -> #REF! | E8: =D8*C8 -> #REF!
A9: Scarlet Sails | B9: Водка 40 | C9: 0.04 | D9: =#REF! -> #REF! | E9: =D9*C9 -> #REF! | F9: =SUM(E9:E14) -> #REF! | G9: 700 | H9: =(G9-F9)/F9*100 -> #REF!
B10: Малина ликер 20 | C10: 0.02 | D10: =#REF! -> #REF! | E10: =D10*C10 -> #REF!
B11: Малина пюре 20 | C11: 0.02 | D11: =#REF! -> #REF! | E11: =D11*C11 -> #REF!
B12: Лимон 20 | C12: 0.04 | D12: =#REF! -> #REF! | E12: =D12*C12 -> #REF!
B13: Ананас сок 80 | C13: 0.08 | D13: =#REF! -> #REF! | E13: =D13*C13 -> #REF!
E14: =D14*C14 -> 0
A15: Future | B15: Ром 60 | C15: 0.06 | D15: =#REF! -> #REF! | E15: =D15*C15 -> #REF! | F15: =SUM(E15:E20) -> #REF! | G15: 1100 | H15: =(G15-F15)/F15*100 -> #REF!
B16: Кокос ликер 40 | C16: 0.04 | D16: =#REF! -> #REF! | E16: =D16*C16 -> #REF!
B17: Лимон 30 | C17: 0.06 | D17: =#REF! -> #REF! | E17: =D17*C17 -> #REF!
B18: Ваниль 30 | C18: 0.03 | D18: =#REF! -> #REF! | E18: =D18*C18 -> #REF!
E19: =D19*C19 -> 0
E20: =D20*C20 -> 0
A21: Summer snow | B21: Водка 60 | C21: 0.06 | D21: =#REF! -> #REF! | E21: =D21*C21 -> #REF! | F21: =SUM(E21:E26) -> #REF! | G21: 1100 | H21: =(G21-F21)/F21*100 -> #REF!
B22: Кофейный 60 | C22: 0.06 | D22: =#REF! -> #REF! | E22: =D22*C22 -> #REF!
B23: Сливки 40 | C23: 0.04 | D23: =#REF! -> #REF! | E23: =D23*C23 -> #REF!
E24: =D24*C24 -> 0
E25: =D25*C25 -> 0
E26: =D26*C26 -> 0
E27: =D27*C27 -> 0 | F27: =SUM(E27:E32) -> 0 | H27: =(G27-F27)/F27*100 -> #DIV/0!
E28: =D28*C28 -> 0
E29: =D29*C29 -> 0
E30: =D30*C30 -> 0
E31: =D31*C31 -> 0
E32: =D32*C32 -> 0
E33: =D33*C33 -> 0 | F33: =SUM(E33:E38) -> 0 | H33: =(G33-F33)/F33*100 -> #DIV/0!
E34: =D34*C34 -> 0
E35: =D35*C35 -> 0
E36: =D36*C36 -> 0
E37: =D37*C37 -> 0
E38: =D38*C38 -> 0
E39: =D39*C39 -> 0 | F39: =SUM(E39:E44) -> 0 | H39: =(G39-F39)/F39*100 -> #DIV/0!
E40: =D40*C40 -> 0
E41: =D41*C41 -> 0
E42: =D42*C42 -> 0
E43: =D43*C43 -> 0
E44: =D44*C44 -> 0
E45: =D45*C45 -> 0 | F45: =SUM(E45:E50) -> 0 | H45: =(G45-F45)/F45*100 -> #DIV/0!
E46: =D46*C46 -> 0
E47: =D47*C47 -> 0
E48: =D48*C48 -> 0
E49: =D49*C49 -> 0
E50: =D50*C50 -> 0
E51: =D51*C51 -> 0 | F51: =SUM(E51:E56) -> 0 | H51: =(G51-F51)/F51*100 -> #DIV/0!
E52: =D52*C52 -> 0
E53: =D53*C53 -> 0
E54: =D54*C54 -> 0
E55: =D55*C55 -> 0
E56: =D56*C56 -> 0
E57: =D57*C57 -> 0 | F57: =SUM(E57:E62) -> 0 | H57: =(G57-F57)/F57*100 -> #DIV/0!
E58: =D58*C58 -> 0
E59: =D59*C59 -> 0
E60: =D60*C60 -> 0
E61: =D61*C61 -> 0
E62: =D62*C62 -> 0
E63: =D63*C63 -> 0
E64: =D64*C64 -> 0
E65: =D65*C65 -> 0
E66: =D66*C66 -> 0
E67: =D67*C67 -> 0
E68: =D68*C68 -> 0
E69: =D69*C69 -> 0
... E75: =D75*C75 -> 0

Sheet 14.02
A1: Наименование | B1: Состав | C1: объем | D1: ст. литра | E1: сс | F1: сс позиции | G1: Цена | H1: НАЦЕНКА
A2: Love is, 300ml | B2: Rum Diablo Negro Caribbean 0,04 | C2: 40 | D2: =#REF! -> #REF! | E2: =D2/1000*C2 -> #REF! | F2: =SUM(E2:E7) -> #REF! | G2: 700 | H2: =(G2-F2)/F2*100 -> #REF!
B3: Niva Distillery Liquor coconut 0,02 | C3: 20 | D3: =#REF! -> #REF! | E3: =D3/1000*C3 -> #REF!
B4: Cordial Clavis tonka beans 0,02 | C4: 20 | D4: =#REF! -> #REF! | E4: =D4/1000*C4 -> #REF!
B5: Cream 0,02 | C5: 20 | D5: =#REF! -> #REF! | E5: =D5/1000*C5 -> #REF!
B6: Syrup bubble gum 0,025 | C6: 25 | D6: =#REF! -> #REF! | E6: =D6/1000*C6 -> #REF!
B7: Candy | E7: 5
A8: Kiss me, 300ml | B8: Rum Diablo Negro Caribbean 0,04 | C8: 40 | D8: =#REF! -> #REF! | E8: =D8/1000*C8 -> #REF!
B9: Niva Distillery Liquor raspberry 0,02 | C9: 20 | D9: =#REF! -> #REF! | E9: =D9/1000*C9 -> #REF! | F9: =SUM(E8:E15) -> #REF! | G9: 700 | H9: =(G9-F9)/F9*100 -> #REF!
B10: Syrup cherry 0,01 | C10: 10 | D10: =#REF! -> #REF! | E10: =D10/1000*C10 -> #REF!
B11: Syrup almond 0,015 | C11: 15 | D11: =#REF! -> #REF! | E11: =D11/1000*C11 -> #REF!
B12: Cream 0,03 | C12: 30 | D12: =#REF! -> #REF! | E12: =D12/1000*C12 -> #REF!
B13: Pineapple juice 0,05 | C13: 50 | D13: =#REF! -> #REF! | E13: =D13/1000*C13 -> #REF!
B14: Apple juice 0,05 | C14: 50 | D14: =#REF! -> #REF! | E14: =D14/1000*C14 -> #REF!
B15: Candy | E15: 5
A16: Romeo and Juliet, 300ml | B16: Gin Royal Raven Dry 0,02 | C16: 20 | D16: =#REF! -> #REF! | E16: =D16/1000*C16 -> #REF! | F16: =SUM(E16:E21) -> #REF! | G16: 700 | H16: =(G16-F16)/F16*100 -> #REF!
B17: Niva Distillery Liquor elderflower 0,02 | C17: 20 | D17: =#REF! -> #REF! | E17: =D17/1000*C17 -> #REF!
B18: Cordial Clavis banana 0,02 | C18: 20 | D18: =#REF! -> #REF! | E18: =D18/1000*C18 -> #REF!
B19: Lemon fresh 0,01 | C19: 20 | D19: 250 | E19: =D19/1000*C19 -> 5
B20: Syrup cinnamon 0,02 | C20: 20 | D20: =#REF! -> #REF! | E20: =D20/1000*C20 -> #REF!
B21: Candy | D21: 5 | E21: 5
A23: Set shots 4х40ml
A24: Первое свидание | B24: Rum Diablo Negro Caribbean 0,04 | C24: 40 | D24: =#REF! -> #REF! | E24: =D24/1000*C24 -> #REF! | F24: =SUM(E24:E26) -> #REF! | G24: 1000 | H24: =(G24-F24)/F24*100 -> #REF!
B25: Lemon fresh 0,04 | C25: 80 | D25: 250 | E25: =D25/1000*C25 -> 20
B26: Niva Distillery Liquor raspberry 0,04 | C26: 40 | D26: =#REF! -> #REF! | E26: =D26/1000*C26 -> #REF!
B27: Syrup popcorn 0,04 | C27: 40 | D27: =#REF! -> #REF! | E27: =D27/1000*C27 -> #REF!

Sheet 23.02
A1: Наименование | B1: Состав | C1: объем | D1: ст. литра | E1: сс | F1: сс позиции | G1: Цена | H1: НАЦЕНКА
A2: Сын маминой подруги, 300ml | B2: Niva Distillery Sambuca 0,02 | C2: 20 | D2: =#REF! -> #REF! | E2: =D2/1000*C2 -> #REF! | F2: =SUM(E2:E7) -> #REF! | G2: 700 | H2: =(G2-F2)/F2*100 -> #REF!
B3: Absinthe Oasis 0,02 | C3: 20 | D3: =#REF! -> #REF! | E3: =D3/1000*C3 -> #REF!
B4: Syrup coconut 0,02 | C4: 20 | D4: =#REF! -> #REF! | E4: =D4/1000*C4 -> #REF!
B5: Lemon fresh 0,015 | C5: 30 | D5: 250 | E5: =D5/1000*C5 -> 7.5
B6: Red Bull tropical 0,5шт | C6: 0.5 | D6: =#REF! -> #REF! | E6: =D6*C6 -> #REF!
B7: Orange 0,015 | C7: 15 | D7: 250 | E7: =D7/1000*C7 -> 3.75
A8: Джентельмен, 300ml | B8: Whiskey Your Choice 0,04 | C8: 40 | D8: =#REF! -> #REF! | E8: =D8/1000*C8 -> #REF! | F8: =SUM(E8:E14) -> #REF! | G8: 700 | H8: =(G8-F8)/F8*100 -> #REF!
B9: Niva Distillery Liquor elderflower 0,02 | C9: 20 | D9: =#REF! -> #REF! | E9: =D9/1000*C9 -> #REF!
B10: Syrup cinnamon 0,015 | C10: 15 | D10: =#REF! -> #REF! | E10: =D10/1000*C10 -> #REF!
B11: Lemon fresh 0,02 | C11: 40 | D11: 250 | E11: =D11/1000*C11 -> 10
B12: Apple juice 0,1 | C12: 100 | D12: =#REF! -> #REF! | E12: =D12/1000*C12 -> #REF!
B13: Lemon 0,015 | C13: 15 | D13: 250 | E13: =D13/1000*C13 -> 3.75
E14: =D14/1000*C14 -> 0
A15: Малиновый пиджак, 300ml | B15: Vodka Хаски 0,04 | C15: 40 | D15: =#REF! -> #REF! | E15: =D15/1000*C15 -> #REF! | F15: =SUM(E15:E20) -> #REF! | G15: 700 | H15: =(G15-F15)/F15*100 -> #REF!
B16: Niva Distillery Liquor raspberry 0,02 | C16: 20 | D16: =#REF! -> #REF! | E16: =D16/1000*C16 -> #REF!
B17: Syrup bubble gum 0,01 | C17: 10 | D17: =#REF! -> #REF! | E17: =D17/1000*C17 -> #REF!
B18: Lemon fresh 0,02 | C18: 40 | D18: 250 | E18: =D18/1000*C18 -> 10
B19: Sprite 0,1 | C19: 100 | D19: =#REF! -> #REF! | E19: =D19/1000*C19 -> #REF!
B20: Lemon 0,015 | C20: 15 | D20: 250 | E20: =D20/1000*C20 -> 3.75
A21: Крепкий орешек, 300ml | B21: Tequila el charro 0,02 | C21: 20 | D21: =#REF! -> #REF! | E21: =D21/1000*C21 -> #REF! | F21: =SUM(E21:E26) -> #REF! | G21: 700 | H21: =(G21-F21)/F21*100 -> #REF!
B22: Niva Distillery Liquor lychee 0,02 | C22: 20 | D22: =#REF! -> #REF! | E22: =D22/1000*C22 -> #REF!
B23: Syrup yuzu 0,01 | C23: 10 | D23: =#REF! -> #REF! | E23: =D23/1000*C23 -> #REF!
B24: Lemon fresh 0,015 | C24: 30 | D24: 250 | E24: =D24/1000*C24 -> 7.5
B25: Grapefruit juice 0,06 | C25: 60 | D25: =#REF! -> #REF! | E25: =D25/1000*C25 -> #REF!
B26: Like 0,01 | C26: 10 | D26: 250 | E26: =D26/1000*C26 -> 2.5
A28: Set shots 4х40ml
A29: По-братски | B29: Vodka Хаски 0,04 | C29: 40 | D29: =#REF! -> #REF! | E29: =D29/1000*C29 -> #REF! | F29: =SUM(E29:E32) -> #REF! | G29: 1000 | H29: =(G29-F29)/F29*100 -> #REF!
B30: Niva Distillery Liquor cream 0,04 | C30: 40 | D30: =#REF! -> #REF! | E30: =D30/1000*C30 -> #REF!
B31: Syrup blackberry 0,04 | C31: 40 | D31: =#REF! -> #REF! | E31: =D31/1000*C31 -> #REF!
B32: Cream 0,04 | C32: 40 | D32: =#REF! -> #REF! | E32: =D32/1000*C32 -> #REF!

Sheet 8.03
A1: Наименование | B1: Состав | C1: объем | D1: ст. литра | E1: сс | F1: сс позиции | G1: Цена | H1: НАЦЕНКА
A2: Звонок бывшему, 150ml | B2: Niva Distillery Sambuca 0,03 | C2: 30 | D2: =#REF! -> #REF! | E2: =D2/1000*C2 -> #REF! | F2: =SUM(E2:E7) -> #REF! | G2: 750 | H2: =(G2-F2)/F2*100 -> #REF!
B3: Niva Distillery Liquor coffee 0,04 | C3: 40 | D3: =#REF! -> #REF! | E3: =D3/1000*C3 -> #REF!
B4: Syrup cinnamon 0,015 | C4: 15 | D4: 420 | E4: =D4/1000*C4 -> 6.3
B5: Cream 0,04 | C5: 40 | D5: =#REF! -> #REF! | E5: =D5/1000*C5 -> #REF!
B6: Candy | D6: 10 | E6: 10
E7: =D7/1000*C7 -> 0
A8: Тропикана женщина, 300ml | B8: Rum Diablo Negro Caribbean 0,04 | C8: 40 | D8: =#REF! -> #REF! | E8: =D8/1000*C8 -> #REF! | F8: =SUM(E8:E14) -> #REF! | G8: 750 | H8: =(G8-F8)/F8*100 -> #REF!
B9: Niva Distillery Aperitivo 0,04 | C9: 40 | D9: =#REF! -> #REF! | E9: =D9/1000*C9 -> #REF!
B10: Lemon fresh 0,02 | C10: 40 | D10: 250 | E10: =D10/1000*C10 -> 10
B11: Pineapple juice 0,05 | C11: 50 | D11: =#REF! -> #REF! | E11: =D11/1000*C11 -> #REF!
B12: Seven up 0,05 | C12: 50 | D12: =#REF! -> #REF! | E12: =D12/1000*C12 -> #REF!
B13: Flowers | D13: 10 | E13: 10
E14: =D14/1000*C14 -> 0
A15: Женщина в красном, 150ml | B15: Rum Diablo Negro Caribbean 0,04 | C15: 40 | D15: =#REF! -> #REF! | E15: =D15/1000*C15 -> #REF! | F15: =SUM(E15:E20) -> #REF! | G15: 750 | H15: =(G15-F15)/F15*100 -> #REF!
B16: Niva Distillery Liquor raspberry 0,02 | C16: 20 | D16: =#REF! -> #REF! | E16: =D16/1000*C16 -> #REF!
B17: Niva Distillery Liquor triple sec 0,02 | C17: 20 | D17: =#REF! -> #REF! | E17: =D17/1000*C17 -> #REF!
B18: Lemon fresh 0,02 | C18: 40 | D18: 250 | E18: =D18/1000*C18 -> 10
B19: Syrup cherry 0,02 | C19: 20 | D19: =#REF! -> #REF! | E19: =D19/1000*C19 -> #REF!
B20: Candy | D20: 10 | E20: 10
A22: Set shots 4х40ml
A23: Завтрак у Тиффани | B23: Rum Diablo Negro Caribbean 0,04 | C23: 40 | D23: =#REF! -> #REF! | E23: =D23/1000*C23 -> #REF! | F23: =SUM(E23:E28) -> #REF! | G23: 1100 | H23: =(G23-F23)/F23*100 -> #REF!
B24: Niva Distillery Liquor melon 0,03 | C24: 30 | D24: =#REF! -> #REF! | E24: =D24/1000*C24 -> #REF!
B25: Niva Distillery Liquor blue curaçao 0,03 | C25: 30 | D25: =#REF! -> #REF! | E25: =D25/1000*C25 -> #REF!
B26: Cream 0,04 | C26: 40 | D26: =#REF! -> #REF! | E26: =D26/1000*C26 -> #REF!
B27: Syrup coconut 0,02 | C27: 20 | D27: =#REF! -> #REF! | E27: =D27/1000*C27 -> #REF!
E28: =D28/1000*C28 -> 0

Sheet 12.04
A1: Наименование | B1: Состав | C1: объем | D1: ст. литра | E1: сс | F1: сс позиции | G1: Цена | H1: НАЦЕНКА
A2: Harlequin, 300ml | B2: Gin Royal Raven Dry 0,04 | C2: 40 | D2: =#REF! -> #REF! | E2: =D2/1000*C2 -> #REF! | F2: =SUM(E2:E7) -> #REF! | G2: 700 | H2: =(G2-F2)/F2*100 -> #REF!
B3: Niva Distillery Liquor lychee 0,02 | C3: 20 | D3: =#REF! -> #REF! | E3: =D3/1000*C3 -> #REF!
B4: Syrup cherry 0,02 | C4: 20 | D4: 420 | E4: =D4/1000*C4 -> 8.4
B5: Grapefruit juice 0,1 | C5: 100 | D5: 170 | E5: =D5/1000*C5 -> 17
B6: Lemon fresh 0,02 | C6: 40 | D6: 260 | E6: =D6/1000*C6 -> 10.4
B7: Candy | E7: 10
A8: Hocus Pocus, 300ml | B8: Rum Diablo Negro Caribbean 0,04 | C8: 40 | D8: =#REF! -> #REF! | E8: =D8/1000*C8 -> #REF! | F8: =SUM(E8:E14) -> #REF! | G8: 700 | H8: =(G8-F8)/F8*100 -> #REF!
B9: Niva Distillery Liquor melon 0,02 | C9: 20 | D9: =#REF! -> #REF! | E9: =D9/1000*C9 -> #REF!
B10: Syrup honey 0,02 | C10: 20 | D10: 420 | E10: =D10/1000*C10 -> 8.4
B11: Apple juice 0,1 | C11: 100 | D11: 170 | E11: =D11/1000*C11 -> 17
B12: Lemon fresh 0,02 | C12: 40 | D12: 260 | E12: =D12/1000*C12 -> 10.4
B13: Candy | E13: 10
E14: =D14/1000*C14 -> 0
A15: Rabbit in a hat, 300ml | B15: Gin Royal Raven Dry 0,04 | C15: 40 | D15: =#REF! -> #REF! | E15: =D15/1000*C15 -> #REF! | F15: =SUM(E15:E20) -> #REF! | G15: 700 | H15: =(G15-F15)/F15*100 -> #REF!
B16: Niva Distillery Liquor coconut 0,02 | C16: 20 | D16: =#REF! -> #REF! | E16: =D16/1000*C16 -> #REF!
B17: Syrup raspberry 0,02 | C17: 20 | D17: 420 | E17: =D17/1000*C17 -> 8.4
B18: Pineapple juice 0,1 | C18: 100 | D18: 170 | E18: =D18/1000*C18 -> 17
B19: Lemon fresh 0,02 | C19: 40 | D19: 260 | E19: =D19/1000*C19 -> 10.4
B20: Candy | E20: 10
A22: Set shots 4х40ml
A23: Freak show | B23: Rum Diablo Negro Caribbean 0,04 | C23: 40 | D23: =#REF! -> #REF! | E23: =D23/1000*C23 -> #REF! | F23: =SUM(E23:E28) -> #REF! | G23: 1000 | H23: =(G23-F23)/F23*100 -> #REF!
B24: Niva Distillery Liquor melon 0,03 | C24: 30 | D24: =#REF! -> #REF! | E24: =D24/1000*C24 -> #REF!
B25: Niva Distillery Liquor blue curaçao 0,03 | C25: 30 | D25: =#REF! -> #REF! | E25: =D25/1000*C25 -> #REF!
B26: Cream 0,04 | C26: 40 | D26: =#REF! -> #REF! | E26: =D26/1000*C26 -> #REF!
B27: Syrup coconut 0,02 | C27: 20 | D27: =#REF! -> #REF! | E27: =D27/1000*C27 -> #REF!
E28: =D28/1000*C28 -> 0

Sheet большие к-ли
A1: Наименование | B1: Состав | C1: объем | D1: ст. литра | E1: сс | F1: сс позиции | G1: Цена | H1: НАЦЕНКА
A2: Биг Пасадена | B2: Джин хаус 150 | C2: 0.15 | D2: =#REF! -> #REF! | E2: =D2*C2 -> #REF! | F2: =SUM(E2:E7) -> #REF! | G2: 2000 | H2: =(G2-F2)/F2*100 -> #REF!
B3: Ликер дыня 100 | C3: 0.1 | D3: =#REF! -> #REF! | E3: =D3*C3 -> #REF!
B4: Фреш 100 | C4: 0.2 | D4: 250 | E4: =D4*C4 -> 50
B5: Сок ананас 300 | C5: 0.3 | D5: =#REF! -> #REF! | E5: =D5*C5 -> #REF!
B6: Сироп банан 100 | C6: 0.1 | D6: 420 | E6: =D6*C6 -> 42
E7: =D7*C7 -> 0
A8: Биг текила санрайз | B8: Текила хаус 200 | C8: 0.2 | D8: =#REF! -> #REF! | E8: =D8*C8 -> #REF! | F8: =SUM(E8:E14) -> #REF! | G8: 2000 | H8: =(G8-F8)/F8*100 -> #REF!
B9: Гренадин сироп 100 | C9: 0.1 | D9: 420 | E9: =D9*C9 -> 42
B10: Сок апельсин 400 | C10: 0.4 | D10: =#REF! -> #REF! | E10: =D10*C10 -> #REF!
E11: =D11*C11 -> 0
E12: =D12*C12 -> 0
E13: =D13*C13 -> 0
E14: =D14*C14 -> 0
A15: Биг Лонг Айленд | B15: Хаски 80 | C15: 0.08 | D15: =#REF! -> #REF! | E15: =D15*C15 -> #REF! | F15: =SUM(E15:E21) -> #REF! | G15: 2000 | H15: =(G15-F15)/F15*100 -> #REF!
B16: Текила 80 | C16: 0.08 | D16: =#REF! -> #REF! | E16: =D16*C16 -> #REF!
B17: Джин 80 | C17: 0.08 | D17: =#REF! -> #REF! | E17: =D17*C17 -> #REF!
B18: Ром 80 | C18: 0.08 | D18: =#REF! -> #REF! | E18: =D18*C18 -> #REF!
B19: Трипл сек ликер 80 | C19: 0.08 | D19: =#REF! -> #REF! | E19: =D19*C19 -> #REF!
B20: Лимон 80 | C20: 0.08 | D20: 250 | E20: =D20*C20 -> 20
B21: Кола 300 | C21: 0.3 | D21: =#REF! -> #REF! | E21: =D21*C21 -> #REF!
A22: Биг Блю Лайн | B22: Джин 150 | C22: 0.15 | D22: =#REF! -> #REF! | E22: =D22*C22 -> #REF! | F22: =SUM(E22:E27) -> #REF! | G22: 2000 | H22: =(G22-F22)/F22*100 -> #REF!
B23: Ликер блю Кюрасао 100 | C23: 0.1 | D23: =#REF! -> #REF! | E23: =D23*C23 -> #REF!
B24: Фреш 100 | C24: 0.2 | D24: 250 | E24: =D24*C24 -> 50
B25: Сок ананас 300 | C25: 0.3 | D25: =#REF! -> #REF! | E25: =D25*C25 -> #REF!
B26: Сироп кокос 100 | C26: 0.1 | D26: 420 | E26: =D26*C26 -> 42
E27: =D27*C27 -> 0
A28: Биг Голубая Лагуна | B28: Хаски 200 | C28: 0.2 | D28: =#REF! -> #REF! | E28: =D28*C28 -> #REF! | F28: =SUM(E28:E33) -> #REF! | G28: 2000 | H28: =(G28-F28)/F28*100 -> #REF!
B29: Ликер блю Кюрасао 100 | C29: 0.1 | D29: =#REF! -> #REF! | E29: =D29*C29 -> #REF!
B30: Фреш 100 | C30: 0.2 | D30: 250 | E30: =D30*C30 -> 50
B31: Севен ап 350 | C31: 0.35 | D31: =#REF! -> #REF! | E31: =D31*C31 -> #REF!
E32: =D32*C32 -> 0
E33: =D33*C33 -> 0
A34: Биг Берри Маргарита | B34: Текила Хаус 250 | C34: 0.25 | D34: =#REF! -> #REF! | E34: =D34*C34 -> #REF! | F34: =SUM(E34:E39) -> #REF! | G34: 2000 | H34: =(G34-F34)/F34*100 -> #REF!
B35: Ликер малина 125 | C35: 0.125 | D35: =#REF! -> #REF! | E35: =D35*C35 -> #REF!
B36: Фреш 200 | C36: 0.4 | D36: 250 | E36: =D36*C36 -> 100
B37: Сироп гренадин 125 | C37: 0.125 | D37: 420 | E37: =D37*C37 -> 52.5
B38: Пиво корона 1б | C38: 1 | D38: 150 | E38: 150
E39: =D39/1000*C39 -> 0

Sheet майские
A1: Наименование | B1: Состав | C1: объем | D1: ст. литра | E1: сс | F1: сс позиции | G1: Цена | H1: НАЦЕНКА
A2: Darkness 300ml | B2: Ром 40 | C2: 0.04 | D2: =#REF! -> #REF! | E2: =D2*C2 -> #REF! | F2: =SUM(E2:E7) -> #REF! | G2: 750 | H2: =(G2-F2)/F2*100 -> #REF!
B3: Самбука 20 | C3: 0.02 | D3: =#REF! -> #REF! | E3: =D3*C3 -> #REF!
B4: Блю курасао 20 | C4: 0.02 | D4: =#REF! -> #REF! | E4: =D4*C4 -> #REF!
B5: Сироп гренадин 15 | C5: 0.015 | D5: 480 | E5: =D5*C5 -> 7.2
B6: Лимон фреш 15 | C6: 0.03 | D6: 260 | E6: =D6*C6 -> 7.8
B7: Сок грейпфрут 60 | C7: 0.06 | D7: 170 | E7: =D7*C7 -> 10.2
A8: GTFO | B8: Водка20 | C8: 0.02 | D8: =#REF! -> #REF! | E8: =D8*C8 -> #REF! | F8: =SUM(E8:E15) -> #REF! | G8: 750 | H8: =(G8-F8)/F8*100 -> #REF!
B9: джин 20 | C9: 0.02 | D9: =#REF! -> #REF! | E9: =D9*C9 -> #REF!
B10: ром 20 | C10: 0.02 | D10: =#REF! -> #REF! | E10: =D10*C10 -> #REF!
B11: текила20 | C11: 0.02 | D11: =#REF! -> #REF! | E11: =D11*C11 -> #REF!
B12: блю кюрасао20 | C12: 0.02 | D12: =#REF! -> #REF! | E12: =D12*C12 -> #REF!
B13: Сироп кокос 5 | C13: 0.005 | D13: 480 | E13: =D13*C13 -> 2.4
B14: Лимон фреш 10 | C14: 0.02 | D14: 260 | E14: =D14*C14 -> 5.2
B15: Спрайт 50 | C15: 0.05 | D15: =#REF! -> #REF! | E15: =D15*C15 -> #REF!
A16: LipStick | B16: Водка - 40 | C16: 0.04 | D16: =#REF! -> #REF! | E16: =D16*C16 -> #REF! | F16: =SUM(E16:E22) -> #REF! | G16: 750 | H16: =(G16-F16)/F16*100 -> #REF!
B17: Фреш - 20 | C17: 0.02 | D17: 260 | E17: =D17*C17 -> 5.2
B18: Сироп миндаль - 20 | C18: 0.02 | D18: 480 | E18: =D18*C18 -> 9.6
B19: Сироп вишня - 20 | C19: 0.02 | D19: 480 | E19: =D19*C19 -> 9.6
B20: Спрайт - 80 | C20: 0.08 | D20: =#REF! -> #REF! | E20: =D20*C20 -> #REF!
E21: =D21*C21 -> 0
E22: =D22*C22 -> 0
A23: HYPNOTize | B23: Ром 40 | C23: 0.04 | D23: =#REF! -> #REF! | E23: =D23*C23 -> #REF! | F23: =SUM(E23:E28) -> #REF! | G23: 750 | H23: =(G23-F23)/F23*100 -> #REF!
B24: Ликер Нива личи 20 | C24: 0.02 | D24: =#REF! -> #REF! | E24: =D24*C24 -> #REF!
B25: Лимонный 20 | C25: 0.04 | D25: 260 | E25: =D25*C25 -> 10.4
B26: Пюре марайя 20 | C26: 0.02 | D26: =#REF! -> #REF! | E26: =D26*C26 -> #REF!
B27: Сок грейпфрут 40 | C27: 0.04 | D27: 170 | E27: =D27*C27 -> 6.8
B28: Сок ананас 20 | C28: 0.02 | D28: 170 | E28: =D28*C28 -> 3.4
A29: Guilty vanilla | B29: Джин хаус 40 | C29: 0.04 | D29: =#REF! -> #REF! | E29: =D29*C29 -> #REF! | F29: =SUM(E29:E34) -> #REF! | G29: 750 | H29: =(G29-F29)/F29*100 -> #REF!
B30: лимонный сок 30 | C30: 0.06 | D30: 260 | E30: =D30*C30 -> 15.6
B31: Ваниль сироп 20 | C31: 0.02 | D31: 480 | E31: =D31*C31 -> 9.6
B32: Кордиал бобы тонка 30 | C32: 0.03 | D32: =#REF! -> #REF! | E32: =D32*C32 -> #REF!
B33: Яблоко сок 60 | C33: 0.06 | D33: 170 | E33: =D33*C33 -> 10.2
E34: =D34*C34 -> 0
A35: Tropics | B35: 40 ром хаус | C35: 0.04 | D35: =#REF! -> #REF! | E35: =D35*C35 -> #REF! | F35: =SUM(E35:E40) -> #REF! | G35: 750 | H35: =(G35-F35)/F35*100 -> #REF!
B36: 20 трип сек | C36: 0.02 | D36: =#REF! -> #REF! | E36: =D36*C36 -> #REF!
B37: 20 сироп кокос | C37: 0.02 | D37: 480 | E37: =D37*C37 -> 9.6
B38: 60 сок ананас | C38: 0.06 | D38: 170 | E38: =D38*C38 -> 10.2
B39: 10 лимонка | C39: 0.02 | D39: 260 | E39: =D39*C39 -> 5.2
E40: =D40*C40 -> 0
A41: fruity smash | B41: Водка 40 | C41: 0.04 | D41: =#REF! -> #REF! | E41: =D41*C41 -> #REF! | F41: =SUM(E41:E46) -> #REF! | G41: 750 | H41: =(G41-F41)/F41*100 -> #REF!
B42: Банан пандан лью40 | C42: 0.04 | D42: =#REF! -> #REF! | E42: =D42*C42 -> #REF!
B43: Персиковый ликер 20 | C43: 0.02 | D43: =#REF! -> #REF! | E43: =D43*C43 -> #REF!
B44: Фреш 20 | C44: 0.04 | D44: 260 | E44: =D44*C44 -> 10.4
B45: Тоник 100 | C45: 0.1 | D45: =#REF! -> #REF! | E45: =D45*C45 -> #REF!
E46: =D46*C46 -> 0
A47: Что то с чем то | B47: Gin 0,03 | C47: 0.03 | D47: =#REF! -> #REF! | E47: =D47*C47 -> #REF! | F47: =SUM(E47:E52) -> #REF! | G47: 750 | H47: =(G47-F47)/F47*100 -> #REF!
B48: Cordial cherry/shiso 0,025 | C48: 0.025 | D48: =#REF! -> #REF! | E48: =D48*C48 -> #REF!
B49: Aperol 0,02 | C49: 0.02 | D49: =#REF! -> #REF! | E49: =D49*C49 -> #REF!
B50: Soju plum 0,03 | C50: 0.03 | D50: =#REF! -> #REF! | E50: =D50*C50 -> #REF!
E51: =D51*C51 -> 0
E52: =D52*C52 -> 0
A53: Унесенный ветром | B53: Трипл сек 25 | C53: 0.025 | D53: =#REF! -> #REF! | E53: =D53*C53 -> #REF! | F53: =SUM(E53:E58) -> #REF! | G53: 750 | H53: =(G53-F53)/F53*100 -> #REF!
B54: Кофейный 25 | C54: 0.025 | D54: =#REF! -> #REF! | E54: =D54*C54 -> #REF!
B55: Блю Кюр 25 | C55: 0.025 | D55: =#REF! -> #REF! | E55: =D55*C55 -> #REF!
B56: Сливки 25 | C56: 0.025 | D56: =#REF! -> #REF! | E56: =D56*C56 -> #REF!
B57: Молотая корица | E57: 2
E58: =D58*C58 -> 0
A59: Шлепок | B59: Водка 30 | C59: 0.03 | D59: =#REF! -> #REF! | E59: =D59*C59 -> #REF! | F59: =SUM(E59:E64) -> #REF! | G59: 750 | H59: =(G59-F59)/F59*100 -> #REF!
B60: Игристое 100 | C60: 0.1 | D60: =#REF! -> #REF! | E60: =D60*C60 -> #REF!
B61: Абсент 30 | C61: 0.03 | D61: =#REF! -> #REF! | E61: =D61*C61 -> #REF!
B62: Сироп гренадин 15 | C62: 0.015 | D62: 480 | E62: =D62*C62 -> 7.2
E63: =D63*C63 -> 0
E64: =D64*C64 -> 0

Sheet мексика
A1: Наименование | B1: Состав | C1: объем | D1: ст. литра | E1: сс | F1: сс позиции | G1: Цена | H1: НАЦЕНКА
A2: Viva la Mexico, 300ml | B2: Tequila El Charro 0,04 | C2: 0.04 | D2: =#REF! -> #REF! | E2: =D2*C2 -> #REF! | F2: =SUM(E2:E9) -> #REF! | G2: 1000 | H2: =(G2-F2)/F2*100 -> #REF!
B3: Martini bianco 0,02 | C3: 0.02 | D3: =#REF! -> #REF! | E3: =D3*C3 -> #REF!
B4: Syrup grenadine 0,02 | C4: 0.02 | D4: 480 | E4: =D4*C4 -> 9.6
B5: Grapefruit juice 0,05 | C5: 0.05 | D5: 170 | E5: =D5*C5 -> 8.5
B6: Lemon fresh 0,015 | C6: 0.03 | D6: 260 | E6: =D6*C6 -> 7.8
B7: Egg white 0,03 | C7: 0.03 | D7: =#REF! -> #REF! | E7: =D7*C7 -> #REF!
B8: Flowers | E8: 10
E9: =D9*C9 -> 0
A10: Fiesta, 350ml | B10: Tequila El Charro 0,03 | C10: 0.03 | D10: =#REF! -> #REF! | E10: =D10*C10 -> #REF! | F10: =SUM(E10:E17) -> #REF! | G10: 1000 | H10: =(G10-F10)/F10*100 -> #REF!
B11: Niva Distillery Aperitivo 0,03 | C11: 0.03 | D11: =#REF! -> #REF! | E11: =D11*C11 -> #REF!
B12: Clavis cordial yuzu 0,03 | C12: 0.03 | D12: =#REF! -> #REF! | E12: =D12*C12 -> #REF!
B13: Niva Distillery liquor peach 0,02 | C13: 0.02 | D13: =#REF! -> #REF! | E13: =D13*C13 -> #REF!
B14: Lemon fresh 0,015 | C14: 0.03 | D14: 260 | E14: =D14*C14 -> 7.8
B15: Tonic 0,05 | C15: 0.05 | D15: =#REF! -> #REF! | E15: =D15*C15 -> #REF!
B16: Sparkling water 0,05 | C16: 0.05 | D16: =39*2 -> 78 | E16: =D16*C16 -> 3.9
B17: Flowers | E17: 10
A18: Michelada, 350ml | B18: Lemon fresh 0,02 | C18: 0.04 | D18: 260 | E18: =D18*C18 -> 10.4 | F18: =SUM(E18:E26) -> 211.14 | G18: 1100 | H18: =(G18-F18)/F18*100 -> 420.98134
B19: Tomato juice 0,1 | C19: 0.1 | D19: 170 | E19: =D19*C19 -> 17
B20: Worcestershire sauce 0,005 | C20: 0.005 | D20: 994 | E20: =D20*C20 -> 4.97
B21: Tabasco 0,003 | C21: 0.003 | D21: 3700 | E21: =D21*C21 -> 11.1
B22: Salt | C22: 0.001 | D22: 70 | E22: =D22*C22 -> 0.07
B23: Pepper | C23: 0.001 | D23: 5000 | E23: =D23*C23 -> 5
B24: Corona beer 1б | C24: 1 | D24: 150 | E24: =D24*C24 -> 150
B25: Tomato | C25: 0.02 | D25: 500 | E25: =D25*C25 -> 10
B26: Lime 0,01 | C26: 0.01 | D26: 260 | E26: =D26*C26 -> 2.6
A27: Silver Bullet | B27: Tequila El Charro 0,06 | C27: 0.06 | D27: =#REF! -> #REF! | E27: =D27*C27 -> #REF! | F27: =SUM(E27:E34) -> #REF! | G27: 1200 | H27: =(G27-F27)/F27*100 -> #REF!
B28: Lemon fresh 0,04 | C28: 0.08 | D28: 260 | E28: =D28*C28 -> 20.8
B29: Niva Distillery Liquor coffee 0,06 | C29: 0.06 | D29: =#REF! -> #REF! | E29: =D29*C29 -> #REF!
E30: =D30*C30 -> 0
E31: =D31*C31 -> 0
E32: =D32*C32 -> 0
E33: =D33*C33 -> 0
E34: =D34*C34 -> 0

Sheet нулевые
A1: Наименование | B1: Состав | C1: объем | D1: ст. литра | E1: сс | F1: сс позиции | G1: Цена | H1: НАЦЕНКА
A2: Moscow never sleep, 300ml | B2: Tundra 0,04 | C2: 0.04 | D2: =#REF! -> #REF! | E2: =D2*C2 -> #REF! | F2: =SUM(E2:E9) -> #REF! | G2: 700 | H2: =(G2-F2)/F2*100 -> #REF!
B3: Niva Distillery Liquor Elderflower 0,02 | C3: 0.02 | D3: =#REF! -> #REF! | E3: =D3*C3 -> #REF!
B4: Cola 0,15 | C4: 0.15 | D4: =#REF! -> #REF! | E4: =D4*C4 -> #REF!
B5: Lime 0.015 | C5: 0.03 | D5: 270 | E5: =D5*C5 -> 8.1
E6: =D6*C6 -> 0
E7: =D7*C7 -> 0
E8: 10
E9: =D9*C9 -> 0
A10: Pop star, 250ml | B10: Rum Diablo Negro Caribbean 0,04 | C10: 0.04 | D10: =#REF! -> #REF! | E10: =D10*C10 -> #REF! | F10: =SUM(E10:E17) -> #REF! | G10: 750 | H10: =(G10-F10)/F10*100 -> #REF!
B11: Niva Distillery Liquor raspberry 0,02 | C11: 0.02 | D11: =#REF! -> #REF! | E11: =D11*C11 -> #REF!
B12: Niva Distillery Liquor triple sec 0,02 | C12: 0.02 | D12: =#REF! -> #REF! | E12: =D12*C12 -> #REF!
B13: Lemon fresh 0,02 | C13: 0.04 | D13: 270 | E13: =D13*C13 -> 10.8
B14: Syrup cherry 0,02 | C14: 0.02 | D14: 480 | E14: =D14*C14 -> 9.6
B15: Cherry | E15: 10
E16: =D16*C16 -> 0
E17: 10
A18: Мой мармеладный,350ml | B18: Absinthe Oasis 0,015 | C18: 0.015 | D18: =#REF! -> #REF! | E18: =D18*C18 -> #REF! | F18: =SUM(E18:E26) -> #REF! | G18: 750 | H18: =(G18-F18)/F18*100 -> #REF!
B19: Niva Distillery Liqour Blue curaçao 0,015 | C19: 0.015 | D19: =#REF! -> #REF! | E19: =D19*C19 -> #REF!
B20: Niva Distillery Liquor melon 0,03 | C20: 0.03 | D20: =#REF! -> #REF! | E20: =D20*C20 -> #REF!
B21: Syrup coconut 0,015 | C21: 0.015 | D21: 480 | E21: =D21*C21 -> 7.2
B22: Lemon fresh 0,02 | C22: 0.04 | D22: 270 | E22: =D22*C22 -> 10.8
B23: Pineapple juice 0,06 | C23: 0.06 | D23: 170 | E23: =D23*C23 -> 10.2
B24: Orange 0,015 | C24: 0.015 | D24: 270 | E24: =D24*C24 -> 4.05
B25: Cherry | E25: 10
E26: =D26*C26 -> 0
A27: Папарацци | B27: Tequila El Charro 0,04 | C27: 0.04 | D27: =#REF! -> #REF! | E27: =D27*C27 -> #REF! | F27: =SUM(E27:E34) -> #REF! | G27: 1200 | H27: =(G27-F27)/F27*100 -> #REF!
B28: Niva Distillery Liquor melon 0,04 | C28: 0.04 | D28: =#REF! -> #REF! | E28: =D28*C28 -> #REF!
B29: Lemon fresh 0,04 | C29: 0.08 | D29: 270 | E29: =D29*C29 -> 21.6
B30: Syrup banana 0,02 | C30: 0.02 | D30: 480 | E30: =D30*C30 -> 9.6
E31: =D31*C31 -> 0
E32: =D32*C32 -> 0
E33: =D33*C33 -> 0
E34: =D34*C34 -> 0

Sheet ангар спешл
A1: Наименование | B1: Состав | C1: объем | D1: ст. литра | E1: сс | F1: сс позиции | G1: Цена | H1: НАЦЕНКА
A2: Salem, 300ml | B2: Vodka Хаски 0,04 | C2: 0.04 | D2: =#REF! -> #REF! | E2: =D2*C2 -> #REF! | F2: =SUM(E2:E9) -> #REF! | G2: 700 | H2: =(G2-F2)/F2*100 -> #REF!
B3: Niva Distillery Liquor raspberry 0,02 | C3: 0.02 | D3: =#REF! -> #REF! | E3: =D3*C3 -> #REF!
B4: Syrup yuzu 0,02 | C4: 0.02 | D4: =#REF! -> #REF! | E4: =D4*C4 -> #REF!
B5: Apple juice 0,1 | C5: 0.1 | D5: 180 | E5: =D5*C5 -> 18
B6: Lemon fresh 0,02 | C6: 0.04 | D6: 280 | E6: =D6*C6 -> 11.2
B7: Lime 0,01 | C7: 0.01 | D7: 280 | E7: =D7*C7 -> 2.8
E9: =D9*C9 -> 0
A10: 303, 300ml | B10: Rum Diablo Negro Caribbean 0,04 | C10: 0.04 | D10: =#REF! -> #REF! | E10: =D10*C10 -> #REF! | F10: =SUM(E10:E17) -> #REF! | G10: 800 | H10: =(G10-F10)/F10*100 -> #REF!
B11: Niva Distillery Liquor melon 0,02 | C11: 0.02 | D11: =#REF! -> #REF! | E11: =D11*C11 -> #REF!
B12: Passion fruit puree 0,02 | C12: 0.02 | D12: =#REF! -> #REF! | E12: =D12*C12 -> #REF!
B13: Pineapple juice 0,1 | C13: 0.1 | D13: 180 | E13: =D13*C13 -> 18
B14: Lemon fresh 0,02 | C14: 0.04 | D14: 280 | E14: =D14*C14 -> 11.2
B15: Orange 0,015 | C15: 0.015 | D15: 280 | E15: =D15*C15 -> 4.2
E16: =D16*C16 -> 0
E17: =D17*C17 -> 0
A18: Pandemic, 300ml | B18: Sibbitter spice&herb 0,04 | C18: 0.04 | D18: =#REF! -> #REF! | E18: =D18*C18 -> #REF! | F18: =SUM(E18:E26) -> #REF! | G18: 700 | H18: =(G18-F18)/F18*100 -> #REF!
B19: Martini Rosso 0,02 | C19: 0.02 | D19: =#REF! -> #REF! | E19: =D19*C19 -> #REF!
B20: Syrup blackberry 0,02 | C20: 0.02 | D20: =#REF! -> #REF! | E20: =D20*C20 -> #REF!
B21: Grapefruit juice 0,1 | C21: 0.1 | D21: 180 | E21: =D21*C21 -> 18
B22: Lemon fresh 0,02 | C22: 0.04 | D22: 280 | E22: =D22*C22 -> 11.2
B23: Orange 0,015 | C23: 0.015 | D23: 280 | E23: =D23*C23 -> 4.2
E24: =D24*C24 -> 0
E25: =D25*C25 -> 0
E26: =D26*C26 -> 0
A27: Crystal castles, 350ml | B27: Vodka Хаски 0,02 | C27: 0.02 | D27: =#REF! -> #REF! | E27: =D27*C27 -> #REF! | F27: =SUM(E27:E34) -> #REF! | G27: 1000 | H27: =(G27-F27)/F27*100 -> #REF!
B28: Gin Royal Raven Dry 0,02 | C28: 0.02 | D28: =#REF! -> #REF! | E28: =D28*C28 -> #REF!
B29: Rum Diablo Negro Caribbean 0,02 | C29: 0.02 | D29: =#REF! -> #REF! | E29: =D29*C29 -> #REF!
B30: Tequila La mision 0,02 | C30: 0.02 | D30: =#REF! -> #REF! | E30: =D30*C30 -> #REF!
B31: Niva Distillery Liquor melon 0,02 | C31: 0.02 | D31: =#REF! -> #REF! | E31: =D31*C31 -> #REF!
B32: Lemon fresh 0,02 | C32: 0.04 | D32: 280 | E32: =D32*C32 -> 11.2
B33: Seven up 0,1 | C33: 0.1 | D33: =#REF! -> #REF! | E33: =D33*C33 -> #REF!
B34: Lime 0,01 | C34: 0.01 | D34: 280 | E34: =D34*C34 -> 2.8
A35: Dreamcore,300ml | B35: Niva Distillery Liquor triple sec 0,04 | C35: 0.04 | D35: =#REF! -> #REF! | E35: =D35*C35 -> #REF! | F35: =SUM(E35:E42) -> #REF! | G35: 800 | H35: =(G35-F35)/F35*100 -> #REF!
B36: Aperol 0,02 | C36: 0.02 | D36: =#REF! -> #REF! | E36: =D36*C36 -> #REF!
B37: Orange juice 0,05 | C37: 0.05 | D37: 180 | E37: =D37*C37 -> 9
B38: Lemon fresh 0,02 | C38: 0.04 | D38: 280 | E38: =D38*C38 -> 11.2
B39: Syrup grenadine 0,02 | C39: 0.02 | D39: =#REF! -> #REF! | E39: =D39*C39 -> #REF!
B40: Sparkling water 0,05 | C40: 0.1 | D40: =#REF! -> #REF! | E40: =D40*C40 -> #REF!
B41: Orange 0,015 | C41: 0.015 | D41: 280 | E41: =D41*C41 -> 4.2
E42: =D42*C42 -> 0
A43: Liminal, 200ml | B43: Niva Distillery Liquor peach 0,04 | C43: 0.04 | D43: =#REF! -> #REF! | E43: =D43*C43 -> #REF! | F43: =SUM(E43:E50) -> #REF! | G43: 800 | H43: =(G43-F43)/F43*100 -> #REF!
B44: Pineapple juice 0,04 | C44: 0.04 | D44: 180 | E44: =D44*C44 -> 7.2
B45: Sparkling wine 0,1 | C45: 0.1 | D45: =#REF! -> #REF! | E45: =D45*C45 -> #REF!
B46: Syrup yuzu 0,02 | C46: 0.02 | D46: =#REF! -> #REF! | E46: =D46*C46 -> #REF!
E47: =D47*C47 -> 0
E48: =D48*C48 -> 0
E49: =D49*C49 -> 0
E50: =D50*C50 -> 0
A51: Born Irish highball 300ml | B51: Whiskey Born Irish 0,04 | C51: 0.04 | D51: =#REF! -> #REF! | E51: =D51*C51 -> #REF! | F51: =SUM(E51:E58) -> #REF! | G51: 1400 | H51: =(G51-F51)/F51*100 -> #REF!
B52: Niva Distillery Liquor peach 0,02 | C52: 0.02 | D52: =#REF! -> #REF! | E52: =D52*C52 -> #REF!
B53: Lemon fresh 0,02 | C53: 0.04 | D53: 280 | E53: =D53*C53 -> 11.2
B54: Apple juice 0,08 | C54: 0.08 | D54: 180 | E54: =D54*C54 -> 14.4
B55: Sparkling water 0,05 | C55: 0.1 | D55: =#REF! -> #REF! | E55: =D55*C55 -> #REF!
B56: Lemon 0,01 | C56: 0.01 | D56: 280 | E56: =D56*C56 -> 2.8
E57: =D57*C57 -> 0
E58: =D58*C58 -> 0
E59: =D59*C59 -> 0 | F59: =SUM(E59:E66) -> 0 | H59: =(G59-F59)/F59*100 -> #DIV/0!
E60: =D60*C60 -> 0
E61: =D61*C61 -> 0
E62: =D62*C62 -> 0
E63: =D63*C63 -> 0
E64: =D64*C64 -> 0
E65: =D65*C65 -> 0
E66: =D66*C66 -> 0

Sheet кунсткамера
A1: Наименование | B1: Состав | C1: объем | D1: ст. литра | E1: сс | F1: сс позиции | G1: Цена | H1: НАЦЕНКА
A2: Малиновая анестезия, 300ml | B2: Gin Royal Raven Dry 0,04 | C2: 0.04 | D2: =#REF! -> #REF! | E2: =D2*C2 -> #REF! | F2: =SUM(E2:E9) -> #REF! | G2: 650 | H2: =(G2-F2)/F2*100 -> #REF!
B3: Syrup raspberry 0,03 | C3: 0.03 | D3: =#REF! -> #REF! | E3: =D3*C3 -> #REF!
B4: Lemon fresh 0,02 | C4: 0.04 | D4: =#REF! -> #REF! | E4: =D4*C4 -> #REF!
B5: Tonic 0,15 | C5: 0.15 | D5: =#REF! -> #REF! | E5: =D5*C5 -> #REF!
B6: Candy | E6: 10
E7: =D7*C7 -> 0
E9: =D9*C9 -> 0
A10: Аномалия вкуса , 300ml | B10: Gin Royal Raven Dry 0,04 | C10: 0.04 | D10: =#REF! -> #REF! | E10: =D10*C10 -> #REF! | F10: =SUM(E10:E17) -> #REF! | G10: 650 | H10: =(G10-F10)/F10*100 -> #REF!
B11: Grapefruit juice 0,08 | C11: 0.08 | D11: =#REF! -> #REF! | E11: =D11*C11 -> #REF!
B12: Lemon fresh 0,03 | C12: 0.06 | D12: =#REF! -> #REF! | E12: =D12*C12 -> #REF!
B13: Syrup cherry 0,03 | C13: 0.03 | D13: =#REF! -> #REF! | E13: =D13*C13 -> #REF!
B14: Tonic 0,05 | C14: 0.05 | D14: =#REF! -> #REF! | E14: =D14*C14 -> #REF!
B15: Candy | E15: 10
E16: =D16*C16 -> 0
E17: =D17*C17 -> 0
A18: Гематома | B18: Niva Distillery Sambuca 0,06 | C18: 0.06 | D18: =#REF! -> #REF! | E18: =D18*C18 -> #REF! | F18: =SUM(E18:E26) -> #REF! | G18: 1400 | H18: =(G18-F18)/F18*100 -> #REF!
B19: Tequila El Charro 0,04 | C19: 0.04 | D19: =#REF! -> #REF! | E19: =D19*C19 -> #REF!
B20: Absinthe Oasis 0,04 | C20: 0.04 | D20: =#REF! -> #REF! | E20: =D20*C20 -> #REF!
B21: Niva Distillery Liquor cream 0,012 | C21: 0.012 | D21: =#REF! -> #REF! | E21: =D21*C21 -> #REF!
B22: Niva Distillery Blue curaçao liquor 0,008 | C22: 0.008 | D22: =#REF! -> #REF! | E22: =D22*C22 -> #REF!
E23: =D23*C23 -> 0
E24: =D24*C24 -> 0
E25: =D25*C25 -> 0
E26: =D26*C26 -> 0
A27: Взрыв мозга | B27: Vodka Хаски 0,06 | C27: 0.06 | D27: =#REF! -> #REF! | E27: =D27*C27 -> #REF! | F27: =SUM(E27:E34) -> #REF! | G27: 1200 | H27: =(G27-F27)/F27*100 -> #REF!
B28: Niva Distillery Liquor peach 0,06 | C28: 0.06 | D28: =#REF! -> #REF! | E28: =D28*C28 -> #REF!
B29: Niva Distillery Liquor cream 0,032 | C29: 0.032 | D29: =#REF! -> #REF! | E29: =D29*C29 -> #REF!
B30: Syrup grenadine 0,008 | C30: 0.008 | D30: =#REF! -> #REF! | E30: =D30*C30 -> #REF!
E31: =D31*C31 -> 0
E32: =D32*C32 -> 0
E33: =D33*C33 -> 0
E34: =D34*C34 -> 0
E35: =D35*C35 -> 0 | F35: =SUM(E35:E42) -> 0 | H35: =(G35-F35)/F35*100 -> #DIV/0!
E36: =D36*C36 -> 0
E37: =D37*C37 -> 0
E38: =D38*C38 -> 0
E39: =D39*C39 -> 0
E40: =D40*C40 -> 0
E41: =D41*C41 -> 0
E42: =D42*C42 -> 0
E43: =D43*C43 -> 0 | F43: =SUM(E43:E50) -> 0 | H43: =(G43-F43)/F43*100 -> #DIV/0!
E44: =D44*C44 -> 0
E45: =D45*C45 -> 0
E46: =D46*C46 -> 0
E47: =D47*C47 -> 0
E48: =D48*C48 -> 0
E49: =D49*C49 -> 0
E50: =D50*C50 -> 0
E51: =D51*C51 -> 0 | F51: =SUM(E51:E58) -> 0 | H51: =(G51-F51)/F51*100 -> #DIV/0!
E52: =D52*C52 -> 0
E53: =D53*C53 -> 0
E54: =D54*C54 -> 0
E55: =D55*C55 -> 0
E56: =D56*C56 -> 0
E57: =D57*C57 -> 0
E58: =D58*C58 -> 0
E59: =D59*C59 -> 0 | F59: =SUM(E59:E66) -> 0 | H59: =(G59-F59)/F59*100 -> #DIV/0!
E60: =D60*C60 -> 0
E61: =D61*C61 -> 0
E62: =D62*C62 -> 0
E63: =D63*C63 -> 0
E64: =D64*C64 -> 0
E65: =D65*C65 -> 0
E66: =D66*C66 -> 0

Sheet звонок
A1: Наименование | B1: Состав | C1: объем | D1: ст. литра | E1: сс | F1: сс позиции | G1: Цена | H1: НАЦЕНКА
A2: Последняя парта, 300мл | B2: Niva Distillery Liquor cassis 0,03 | C2: 0.03 | D2: =#REF! -> #REF! | E2: =D2*C2 -> #REF! | F2: =SUM(E2:E9) -> #REF! | G2: 800 | H2: =(G2-F2)/F2*100 -> #REF!
B3: Syrup blackberry 0,015 | C3: 0.015 | D3: =#REF! -> #REF! | E3: =D3*C3 -> #REF!
B4: Sparkling wine 0,15 | C4: 0.15 | D4: =#REF! -> #REF! | E4: =D4*C4 -> #REF!
B5: Flowers | E5: 10
E6: =D6*C6 -> 0
E7: =D7*C7 -> 0
E8: =D8*C8 -> 0
E9: =D9*C9 -> 0
A10: Любимчик завуча, 300мл | B10: Vodka Хаски 0,04 | C10: 0.04 | D10: =#REF! -> #REF! | E10: =D10*C10 -> #REF! | F10: =SUM(E10:E17) -> #REF! | G10: 600 | H10: =(G10-F10)/F10*100 -> #REF!
B11: Niva Distillery Bitter 0,02 | C11: 0.02 | D11: =#REF! -> #REF! | E11: =D11*C11 -> #REF!
B12: Orange juice 0,1 | C12: 0.1 | D12: =#REF! -> #REF! | E12: =D12*C12 -> #REF!
B13: Syrup cherry 0,015 | C13: 0.015 | D13: =#REF! -> #REF! | E13: =D13*C13 -> #REF!
B14: Candy | E14: 10
E15: =D15*C15 -> 0
E16: =D16*C16 -> 0
E17: =D17*C17 -> 0
A18: Танец с физруком, 300мл | B18: Gin Royal Raven Dry 0,04 | C18: 0.04 | D18: =#REF! -> #REF! | E18: =D18*C18 -> #REF! | F18: =SUM(E18:E26) -> #REF! | G18: 700 | H18: =(G18-F18)/F18*100 -> #REF!
B19: Niva Distillery Liquor raspberry 0,02 | C19: 0.02 | D19: =#REF! -> #REF! | E19: =D19*C19 -> #REF!
B20: Syrup grenadine 0,01 | C20: 0.01 | D20: =#REF! -> #REF! | E20: =D20*C20 -> #REF!
B21: Apple juice 0,06 | C21: 0.06 | D21: =#REF! -> #REF! | E21: =D21*C21 -> #REF!
B22: Seven up 0,05 | C22: 0.05 | D22: =#REF! -> #REF! | E22: =D22*C22 -> #REF!
B23: Orange | C23: 0.02 | D23: =#REF! -> #REF! | E23: =D23*C23 -> #REF!
E24: =D24*C24 -> 0
E25: =D25*C25 -> 0
E26: =D26*C26 -> 0
A27: А голову ты дома не забыл?! | B27: Sibbitter spice herb 0,04 | C27: 0.04 | D27: =#REF! -> #REF! | E27: =D27*C27 -> #REF! | F27: =SUM(E27:E34) -> #REF! | G27: 1000 | H27: =(G27-F27)/F27*100 -> #REF!
B28: Lemon fresh 0,04 | C28: 0.08 | D28: =#REF! -> #REF! | E28: =D28*C28 -> #REF!
B29: Niva Distillery Liquor elderflower 0,04 | C29: 0.04 | D29: =#REF! -> #REF! | E29: =D29*C29 -> #REF!
B30: Syrup yuzu 0,04 | C30: 0.04 | D30: =#REF! -> #REF! | E30: =D30*C30 -> #REF!
E31: =D31*C31 -> 0
E32: =D32*C32 -> 0
E33: =D33*C33 -> 0
E34: =D34*C34 -> 0
E35: =D35*C35 -> 0 | F35: =SUM(E35:E42) -> 0 | H35: =(G35-F35)/F35*100 -> #DIV/0!
E36: =D36*C36 -> 0
E37: =D37*C37 -> 0
E38: =D38*C38 -> 0
E39: =D39*C39 -> 0
E40: =D40*C40 -> 0
E41: =D41*C41 -> 0
E42: =D42*C42 -> 0
E43: =D43*C43 -> 0 | F43: =SUM(E43:E50) -> 0 | H43: =(G43-F43)/F43*100 -> #DIV/0!
E44: =D44*C44 -> 0
E45: =D45*C45 -> 0
E46: =D46*C46 -> 0
E47: =D47*C47 -> 0
E48: =D48*C48 -> 0
E49: =D49*C49 -> 0
E50: =D50*C50 -> 0
E51: =D51*C51 -> 0 | F51: =SUM(E51:E58) -> 0 | H51: =(G51-F51)/F51*100 -> #DIV/0!
E52: =D52*C52 -> 0
E53: =D53*C53 -> 0
E54: =D54*C54 -> 0
E55: =D55*C55 -> 0
E56: =D56*C56 -> 0
E57: =D57*C57 -> 0
E58: =D58*C58 -> 0
E59: =D59*C59 -> 0 | F59: =SUM(E59:E66) -> 0 | H59: =(G59-F59)/F59*100 -> #DIV/0!
E60: =D60*C60 -> 0
E61: =D61*C61 -> 0
E62: =D62*C62 -> 0
E63: =D63*C63 -> 0
E64: =D64*C64 -> 0
E65: =D65*C65 -> 0
E66: =D66*C66 -> 0
E67: =D67*C67 -> 0
E68: =D68*C68 -> 0
E69: =D69*C69 -> 0
E70: =D70*C70 -> 0
E71: =D71*C71 -> 0
... E79: =D79*C79 -> 0

Sheet ба
A1: Наименование | B1: Состав | C1: объем | D1: ст. литра | E1: сс | F1: сс позиции | G1: Цена | H1: НАЦЕНКА
A2: Cherry-Almond, 300ml | B2: Syrup cherry 0,02 | C2: 0.02 | D2: =#REF! -> #REF! | E2: =D2*C2 -> #REF! | F2: =SUM(E2:E6) -> #REF! | G2: 300 | H2: =(G2-F2)/F2*100 -> #REF!
B3: Syrup almond 0,01 | C3: 0.01 | D3: =#REF! -> #REF! | E3: =D3*C3 -> #REF!
B4: Lemon fresh 0,02 | C4: 0.04 | D4: =#REF! -> #REF! | E4: =D4*C4 -> #REF!
B5: Seven up 0,12 | C5: 0.12 | D5: =#REF! -> #REF! | E5: =D5*C5 -> #REF!
B6: Lemon 0,01 | C6: 0.01 | D6: =#REF! -> #REF! | E6: =D6*C6 -> #REF!
A7: Banana free, 300ml | B7: Pineapple juice 0,05 | C7: 0.05 | D7: =#REF! -> #REF! | E7: =D7*C7 -> #REF! | F7: =SUM(E7:E12) -> #REF! | G7: 450 | H7: =(G7-F7)/F7*100 -> #REF!
B8: Grapefruit juice 0,05 | C8: 0.05 | D8: =#REF! -> #REF! | E8: =D8*C8 -> #REF!
B9: Syrup banana 0,015 | C9: 0.015 | D9: =#REF! -> #REF! | E9: =D9*C9 -> #REF!
B10: Lemon fresh 0,02 | C10: 0.04 | D10: =#REF! -> #REF! | E10: =D10*C10 -> #REF!
B11: Passion fruit puree 0,02 | C11: 0.02 | D11: =#REF! -> #REF! | E11: =D11*C11 -> #REF!
B12: Orange 0,015 | C12: 0.015 | D12: =#REF! -> #REF! | E12: =D12*C12 -> #REF!
A13: Vanilla-apple, 300ml | B13: Syrup vanilla 0,03 | C13: 0.03 | D13: =#REF! -> #REF! | E13: =D13*C13 -> #REF! | F13: =SUM(E13:E17) -> #REF! | G13: 300 | H13: =(G13-F13)/F13*100 -> #REF!
B14: Lemon fresh 0,02 | C14: 0.04 | D14: =#REF! -> #REF! | E14: =D14*C14 -> #REF!
B15: Apple juice 0,08 | C15: 0.08 | D15: 170 | E15: =D15*C15 -> 13.6
B16: Sparkling water 0,05 | C16: 0.05 | D16: 40 | E16: =D16*C16 -> 2
B17: Lemon 0,01 | C17: 0.01 | D17: 300 | E17: =D17*C17 -> 3
A18: Pina colada, 300ml | B18: Pineapple juice 0,1 | C18: 0.1 | D18: =#REF! -> #REF! | E18: =D18*C18 -> #REF! | F18: =SUM(E18:E21) -> #REF! | G18: 300 | H18: =(G18-F18)/F18*100 -> #REF!
B19: Syrup coconut 0,02 | C19: 0.02 | D19: =#REF! -> #REF! | E19: =D19*C19 -> #REF!
B20: Cream 0,02 | C20: 0.02 | D20: =#REF! -> #REF! | E20: =D20*C20 -> #REF!
B21: Orange 0,015 | C21: 0.015 | D21: 300 | E21: =D21*C21 -> 4.5
A22: Yuzu-grapefruit, 300ml | B22: Grapefruit juice 0,01 | C22: 0.01 | D22: =#REF! -> #REF! | E22: =D22*C22 -> #REF! | F22: =SUM(E22:E26) -> #REF! | G22: 300 | H22: =(G22-F22)/F22*100 -> #REF!
B23: Syrup yuzu 0,02 | C23: 0.02 | D23: =#REF! -> #REF! | E23: =D23*C23 -> #REF!
B24: Lemon fresh 0,015 | C24: 0.03 | D24: =#REF! -> #REF! | E24: =D24*C24 -> #REF!
B25: Tonic 0,05 | C25: 0.05 | D25: =#REF! -> #REF! | E25: =D25*C25 -> #REF!
B26: Lime 0,01 | C26: 0.01 | D26: =#REF! -> #REF! | E26: =D26*C26 -> #REF!
A27: Red passion, 300ml | B27: Pineapple juice 0,08 | C27: 0.08 | D27: =#REF! -> #REF! | E27: =D27*C27 -> #REF! | F27: =SUM(E27:E32) -> #REF! | G27: 450 | H27: =(G27-F27)/F27*100 -> #REF!
B28: Passion fruit puree 0,02 | C28: 0.02 | D28: =#REF! -> #REF! | E28: =D28*C28 -> #REF!
B29: Lemon fresh 0,02 | C29: 0.04 | D29: =#REF! -> #REF! | E29: =D29*C29 -> #REF!
B30: Syrup grenadine 0,02 | C30: 0.02 | D30: =#REF! -> #REF! | E30: =D30*C30 -> #REF!
B31: Seven up 0,05 | C31: 0.05 | D31: =#REF! -> #REF! | E31: =D31*C31 -> #REF!
B32: Orange 0,015 | C32: 0.015 | D32: =#REF! -> #REF! | E32: =D32*C32 -> #REF!
A33: Bubble gum-apple, 300ml | B33: Apple juice 0,1 | C33: 0.1 | D33: =#REF! -> #REF! | E33: =D33*C33 -> #REF! | F33: =SUM(E33:E37) -> #REF! | G33: 300 | H33: =(G33-F33)/F33*100 -> #REF!
B34: Lemon fresh 0,02 | C34: 0.04 | D34: =#REF! -> #REF! | E34: =D34*C34 -> #REF!
B35: Syrup bubble gum 0,015 | C35: 0.015 | D35: =#REF! -> #REF! | E35: =D35*C35 -> #REF!
B36: Seven up 0,08 | C36: 0.08 | D36: =#REF! -> #REF! | E36: =D36*C36 -> #REF!
B37: Lime 0,01 | C37: 0.01 | D37: =#REF! -> #REF! | E37: =D37*C37 -> #REF!
A38: Sunrise free, 300ml | B38: Orange juice 0,1 | C38: 0.1 | D38: =#REF! -> #REF! | E38: =D38*C38 -> #REF! | F38: =SUM(E38:E42) -> #REF! | G38: 300 | H38: =(G38-F38)/F38*100 -> #REF!
B39: Syrup grenadine 0,02 | C39: 0.02 | D39: =#REF! -> #REF! | E39: =D39*C39 -> #REF!
B40: Lemon fresh 0,015 | C40: 0.03 | D40: =#REF! -> #REF! | E40: =D40*C40 -> #REF!
B41: Sparkling water 0,05 | C41: 0.1 | D41: 40 | E41: =D41*C41 -> 4
B42: Orange 0,01 | C42: 0.01 | D42: =#REF! -> #REF! | E42: =D42*C42 -> #REF!
E43: =D43*C43 -> 0 | F43: =SUM(E43:E50) -> 0 | H43: =(G43-F43)/F43*100 -> #DIV/0!
E44: =D44*C44 -> 0
E45: =D45*C45 -> 0
E46: =D46*C46 -> 0
E47: =D47*C47 -> 0
E48: =D48*C48 -> 0
E49: =D49*C49 -> 0
E50: =D50*C50 -> 0
E51: =D51*C51 -> 0 | F51: =SUM(E51:E58) -> 0 | H51: =(G51-F51)/F51*100 -> #DIV/0!
E52: =D52*C52 -> 0
E53: =D53*C53 -> 0
E54: =D54*C54 -> 0
E55: =D55*C55 -> 0
E56: =D56*C56 -> 0
E57: =D57*C57 -> 0
E58: =D58*C58 -> 0
E59: =D59*C59 -> 0 | F59: =SUM(E59:E66) -> 0 | H59: =(G59-F59)/F59*100 -> #DIV/0!
E60: =D60*C60 -> 0
E61: =D61*C61 -> 0
E62: =D62*C62 -> 0
E63: =D63*C63 -> 0
E64: =D64*C64 -> 0
E65: =D65*C65 -> 0
E66: =D66*C66 -> 0
E67: =D67*C67 -> 0
E68: =D68*C68 -> 0
E69: =D69*C69 -> 0
E70: =D70*C70 -> 0
E71: =D71*C71 -> 0
... E79: =D79*C79 -> 0

Sheet футбольное что-то
A1: Наименование | B1: Состав | C1: объем | D1: ст. литра | E1: сс | F1: сс позиции | G1: Цена | H1: НАЦЕНКА
A2: Selasao | B2: Ром - 40 | C2: 0.04 | D2: =#REF! -> #REF! | E2: =D2*C2 -> #REF! | F2: =SUM(E2:E7) -> #REF! | G2: 650 | H2: =(G2-F2)/F2*100 -> #REF!
B3: Апероль 20 | C3: 0.02 | D3: =#REF! -> #REF! | E3: =D3*C3 -> #REF!
B4: Сироп корицы 20 | C4: 0.02 | D4: =#REF! -> #REF! | E4: =D4*C4 -> #REF!
B5: Сок Грейпа 60 | C5: 0.06 | D5: =#REF! -> #REF! | E5: =D5*C5 -> #REF!
B6: Сок лимона 20 | C6: 0.04 | D6: =#REF! -> #REF! | E6: =D6*C6 -> #REF!
E7: =D7*C7 -> 0
A8: Rio | B8: Виски 40 | C8: 0.04 | D8: =#REF! -> #REF! | E8: =D8*C8 -> #REF! | F8: =SUM(E8:E13) -> #REF! | G8: 650 | H8: =(G8-F8)/F8*100 -> #REF!
B9: Ликер melon 20 | C9: 0.02 | D9: =#REF! -> #REF! | E9: =D9*C9 -> #REF!
B10: Сироп банан 20 | C10: 0.02 | D10: =#REF! -> #REF! | E10: =D10*C10 -> #REF!
B11: Сок лимона 20 | C11: 0.04 | D11: =#REF! -> #REF! | E11: =D11*C11 -> #REF!
B12: Сок яблоко 80 | C12: 0.08 | D12: =#REF! -> #REF! | E12: =D12*C12 -> #REF!
E13: =D13*C13 -> 0
A14: canal oxidado или Saude! | B14: Водка 40 | C14: 0.04 | D14: =#REF! -> #REF! | E14: =D14*C14 -> #REF! | F14: =SUM(E14:E19) -> #REF! | G14: 650 | H14: =(G14-F14)/F14*100 -> #REF!
B15: Ликер кассис 20 | C15: 0.02 | D15: =#REF! -> #REF! | E15: =D15*C15 -> #REF!
B16: Сок лимона 20 | C16: 0.04 | D16: =#REF! -> #REF! | E16: =D16*C16 -> #REF!
B17: Сок апельсин 30 | C17: 0.03 | D17: =#REF! -> #REF! | E17: =D17*C17 -> #REF!
B18: Сироп мед 20 | C18: 0.02 | D18: =#REF! -> #REF! | E18: =D18*C18 -> #REF!
B19: Тоник 20 | C19: 0.02 | D19: =#REF! -> #REF! | E19: =D19*C19 -> #REF!
A20: Salut de familia | B20: Трипло 60 | C20: 0.06 | D20: =#REF! -> #REF! | E20: =D20*C20 -> #REF! | F20: =SUM(E20:E25) -> #REF! | G20: 1200 | H20: =(G20-F20)/F20*100 -> #REF!
B21: Персик 40 | C21: 0.04 | D21: =#REF! -> #REF! | E21: =D21*C21 -> #REF!
B22: Лимон 20 | C22: 0.04 | D22: =#REF! -> #REF! | E22: =D22*C22 -> #REF!
B23: Малиновое пюре 20 | C23: 0.02 | D23: =#REF! -> #REF! | E23: =D23*C23 -> #REF!
E24: =D24*C24 -> 0
E25: =D25*C25 -> 0
A26: Ultima carrera | B26: Самбука-40 | C26: 0.04 | D26: =#REF! -> #REF! | E26: =D26*C26 -> #REF! | F26: =SUM(E26:E31) -> #REF! | G26: 1200 | H26: =(G26-F26)/F26*100 -> #REF!
B27: Кофейный - 80 | C27: 0.08 | D27: =#REF! -> #REF! | E27: =D27*C27 -> #REF!
B28: Сливки-40 | C28: 0.04 | D28: =#REF! -> #REF! | E28: =D28*C28 -> #REF!
E29: =D29*C29 -> 0
E30: =D30*C30 -> 0
E31: =D31*C31 -> 0
E32: =D32*C32 -> 0 | F32: =SUM(E32:E37) -> 0 | H32: =(G32-F32)/F32*100 -> #DIV/0!
E33: =D33*C33 -> 0
E34: =D34*C34 -> 0
E35: =D35*C35 -> 0
E36: =D36*C36 -> 0
E37: =D37*C37 -> 0
E38: =D38*C38 -> 0 | F38: =SUM(E38:E43) -> 0 | H38: =(G38-F38)/F38*100 -> #DIV/0!
E39: =D39*C39 -> 0
E40: =D40*C40 -> 0
E41: =D41*C41 -> 0
E42: =D42*C42 -> 0
E43: =D43*C43 -> 0
E44: =D44*C44 -> 0 | F44: =SUM(E44:E49) -> 0 | H44: =(G44-F44)/F44*100 -> #DIV/0!
E45: =D45*C45 -> 0
E46: =D46*C46 -> 0
E47: =D47*C47 -> 0
E48: =D48*C48 -> 0
E49: =D49*C49 -> 0
E50: =D50*C50 -> 0 | F50: =SUM(E50:E55) -> 0 | H50: =(G50-F50)/F50*100 -> #DIV/0!
E51: =D51*C51 -> 0
E52: =D52*C52 -> 0
E53: =D53*C53 -> 0
E54: =D54*C54 -> 0
E55: =D55*C55 -> 0
E56: =D56*C56 -> 0 | F56: =SUM(E56:E61) -> 0 | H56: =(G56-F56)/F56*100 -> #DIV/0!
E57: =D57*C57 -> 0
E58: =D58*C58 -> 0
E59: =D59*C59 -> 0
E60: =D60*C60 -> 0
E61: =D61*C61 -> 0
E62: =D62*C62 -> 0
E63: =D63*C63 -> 0
E64: =D64*C64 -> 0
E65: =D65*C65 -> 0
E66: =D66*C66 -> 0
E67: =D67*C67 -> 0
E68: =D68*C68 -> 0
... E74: =D74*C74 -> 0

Sheet офисные
A1: Наименование | B1: Состав | C1: объем | D1: ст. литра | E1: сс | F1: сс позиции | G1: Цена | H1: НАЦЕНКА
A2: Упущенный(пропущенный) дедлайн мисс деад | B2: Джин 40 | C2: 0.04 | D2: =#REF! -> #REF! | E2: =D2*C2 -> #REF! | F2: =SUM(E2:E7) -> #REF! | G2: 650 | H2: =(G2-F2)/F2*100 -> #REF!
B3: Пюре маракуйя 20 | C3: 0.02 | D3: =#REF! -> #REF! | E3: =D3*C3 -> #REF!
B4: Лимонный 20 | C4: 0.04 | D4: =#REF! -> #REF! | E4: =D4*C4 -> #REF!
B5: Малиновый ликер 20 | C5: 0.02 | D5: =#REF! -> #REF! | E5: =D5*C5 -> #REF!
B6: Содовая 80 | C6: 0.08 | D6: =#REF!*2 -> #VALUE! | E6: =D6*C6 -> #VALUE!
E7: =D7*C7 -> 0
A8: Чертова планерка дамн | B8: Водка 40 | C8: 0.04 | D8: =#REF! -> #REF! | E8: =D8*C8 -> #REF! | F8: =SUM(E8:E13) -> #REF! | G8: 650 | H8: =(G8-F8)/F8*100 -> #REF!
B9: Ликер черная смородина 20 | C9: 0.02 | D9: =#REF! -> #REF! | E9: =D9*C9 -> #REF!
B10: Лимонный 20 | C10: 0.04 | D10: =#REF! -> #REF! | E10: =D10*C10 -> #REF!
B11: Сироп черная смородина 10 | C11: 0.01 | D11: =#REF! -> #REF! | E11: =D11*C11 -> #REF!
B12: 7up 80 | C12: 0.08 | D12: =#REF! -> #REF! | E12: =D12*C12 -> #REF!
E13: =D13*C13 -> 0
B14: Водка 40 | C14: 0.04 | D14: =#REF! -> #REF! | E14: =D14*C14 -> #REF! | F14: =SUM(E14:E19) -> #REF! | G14: 650 | H14: =(G14-F14)/F14*100 -> #REF!
B15: Кофейный 20 | C15: 0.02 | D15: =#REF! -> #REF! | E15: =D15*C15 -> #REF!
B16: Кола 120 | C16: 0.04 | D16: =#REF! -> #REF! | E16: =D16*C16 -> #REF!
C17: 0.12 | D17: =#REF! -> #REF! | E17: =D17*C17 -> #REF!
E18: =D18*C18 -> 0
E19: =D19*C19 -> 0
A20: Твое выгорание | B20: Виски 80 | C20: 0.08 | D20: =#REF! -> #REF! | E20: =D20*C20 -> #REF! | F20: =SUM(E20:E25) -> #REF! | G20: 1000 | H20: =(G20-F20)/F20*100 -> #REF!
B21: Сироп Мед 40 | C21: 0.04 | D21: =#REF! -> #REF! | E21: =D21*C21 -> #REF!
B22: Сок яблоко 40 | C22: 0.04 | D22: =#REF! -> #REF! | E22: =D22*C22 -> #REF!
E23: =D23*C23 -> 0
E24: =D24*C24 -> 0
E25: =D25*C25 -> 0
A26: 5 дней Ада сет на 5шотов!!!! | B26: Абсент 80 | C26: 0.08 | D26: =#REF! -> #REF! | E26: =D26*C26 -> #REF! | F26: =SUM(E26:E31) -> #REF! | G26: 1300 | H26: =(G26-F26)/F26*100 -> #REF!
B27: ЛИКЕР Блюха 40 | C27: 0.04 | D27: =#REF! -> #REF! | E27: =D27*C27 -> #REF!
B28: Ваниль сироп 40 | C28: 0.04 | D28: =#REF! -> #REF! | E28: =D28*C28 -> #REF!
B29: Лимон 40 | C29: 0.08 | D29: =#REF! -> #REF! | E29: =D29*C29 -> #REF!
E30: =D30*C30 -> 0
E31: =D31*C31 -> 0
A32: Корпоратив с бухгалтерией корпорат | B32: Джин 80 | C32: 0.08 | D32: =#REF! -> #REF! | E32: =D32*C32 -> #REF! | F32: =SUM(E32:E37) -> #REF! | G32: 1100 | H32: =(G32-F32)/F32*100 -> #REF!
B33: Ликер бузины 40 | C33: 0.04 | D33: =#REF! -> #REF! | E33: =D33*C33 -> #REF!
B34: Лимон 20 | C34: 0.04 | D34: =#REF! -> #REF! | E34: =D34*C34 -> #REF!
B35: Гренадин 20 | C35: 0.02 | D35: =#REF! -> #REF! | E35: =D35*C35 -> #REF!
E36: =D36*C36 -> 0
E37: =D37*C37 -> 0
E38: =D38*C38 -> 0 | F38: =SUM(E38:E43) -> 0 | H38: =(G38-F38)/F38*100 -> #DIV/0!
E39: =D39*C39 -> 0
E40: =D40*C40 -> 0
E41: =D41*C41 -> 0
E42: =D42*C42 -> 0
E43: =D43*C43 -> 0
E44: =D44*C44 -> 0 | F44: =SUM(E44:E49) -> 0 | H44: =(G44-F44)/F44*100 -> #DIV/0!
E45: =D45*C45 -> 0
E46: =D46*C46 -> 0
E47: =D47*C47 -> 0
E48: =D48*C48 -> 0
E49: =D49*C49 -> 0
E50: =D50*C50 -> 0 | F50: =SUM(E50:E55) -> 0 | H50: =(G50-F50)/F50*100 -> #DIV/0!
E51: =D51*C51 -> 0
E52: =D52*C52 -> 0
E53: =D53*C53 -> 0
E54: =D54*C54 -> 0
E55: =D55*C55 -> 0
E56: =D56*C56 -> 0 | F56: =SUM(E56:E61) -> 0 | H56: =(G56-F56)/F56*100 -> #DIV/0!
E57: =D57*C57 -> 0
E58: =D58*C58 -> 0
E59: =D59*C59 -> 0
E60: =D60*C60 -> 0
E61: =D61*C61 -> 0
E62: =D62*C62 -> 0
E63: =D63*C63 -> 0
E64: =D64*C64 -> 0
E65: =D65*C65 -> 0
E66: =D66*C66 -> 0
E67: =D67*C67 -> 0
E68: =D68*C68 -> 0
... E74: =D74*C74 -> 0

Sheet ганста
A1: Наименование | B1: Состав | C1: объем | D1: ст. литра | E1: сс | F1: сс позиции | G1: Цена | H1: НАЦЕНКА
A2: Impala 63’ | B2: Ром 30 | C2: 0.03 | D2: =#REF! -> #REF! | E2: =D2*C2 -> #REF! | F2: =SUM(E2:E8) -> #REF! | G2: 700 | H2: =(G2-F2)/F2*100 -> #REF!
B3: Сиббитер кола 30 | C3: 0.03 | D3: =#REF! -> #REF! | E3: =D3*C3 -> #REF!
B4: Вермут 20 | C4: 0.02 | D4: =#REF! -> #REF! | E4: =D4*C4 -> #REF!
B5: Лимонный фреш 20 | C5: 0.04 | D5: =#REF! -> #REF! | E5: =D5*C5 -> #REF!
B6: Сироп корица 20 | C6: 0.02 | D6: =#REF! -> #REF! | E6: =D6*C6 -> #REF!
B7: Кола 60 | C7: 0.06 | D7: =#REF! -> #REF! | E7: =D7*C7 -> #REF!
E8: =D8*C8 -> 0
A9: Lin4ik | B9: Джин 60 | C9: 0.06 | D9: =#REF! -> #REF! | E9: =D9*C9 -> #REF! | F9: =SUM(E9:E14) -> #REF! | G9: 700 | H9: =(G9-F9)/F9*100 -> #REF!
B10: Лимонный фреш 30 | C10: 0.06 | D10: =#REF! -> #REF! | E10: =D10*C10 -> #REF!
B11: Сироп Черная смородина 30 | C11: 0.03 | D11: 480 | E11: =D11*C11 -> 14.4
B12: Содовая 60 | C12: 0.06 | D12: =#REF!*2 -> #VALUE! | E12: =D12*C12 -> #VALUE!
B13: Сок апельсин 20 | C13: 0.02 | D13: =#REF! -> #REF! | E13: =D13*C13 -> #REF!
E14: =D14*C14 -> 0
A15: Detroit Soul | B15: Водка 40 | C15: 0.04 | D15: =#REF! -> #REF! | E15: =D15*C15 -> #REF! | F15: =SUM(E15:E20) -> #REF! | G15: 700 | H15: =(G15-F15)/F15*100 -> #REF!
B16: Трипло 20 | C16: 0.02 | D16: =#REF! -> #REF! | E16: =D16*C16 -> #REF!
B17: Сок апельсин 20 | C17: 0.02 | D17: =#REF! -> #REF! | E17: =D17*C17 -> #REF!
B18: Маракуйя пюре 20 | C18: 0.02 | D18: =#REF! -> #REF! | E18: =D18*C18 -> #REF!
B19: Тоник 40 | C19: 0.04 | D19: =#REF! -> #REF! | E19: =D19*C19 -> #REF!
E20: =D20*C20 -> 0
A21: Crips | B21: Трипло 60 | C21: 0.06 | D21: =#REF! -> #REF! | E21: =D21*C21 -> #REF! | F21: =SUM(E21:E26) -> #REF! | G21: 1200 | H21: =(G21-F21)/F21*100 -> #REF!
B22: ликер Блюха 60 | C22: 0.06 | D22: =#REF! -> #REF! | E22: =D22*C22 -> #REF!
B23: Игристое 40 | C23: 0.04 | D23: =#REF! -> #REF! | E23: =D23*C23 -> #REF!
E24: =D24*C24 -> 0
E25: =D25*C25 -> 0
E26: =D26*C26 -> 0
A27: Bloods | B27: Водка 40 | C27: 0.04 | D27: =#REF! -> #REF! | E27: =D27*C27 -> #REF! | F27: =SUM(E27:E32) -> #REF! | G27: 1100 | H27: =(G27-F27)/F27*100 -> #REF!
B28: Лимонный фреш 40 | C28: 0.08 | D28: =#REF! -> #REF! | E28: =D28*C28 -> #REF!
B29: Соджу персик 40 | C29: 0.04 | D29: =#REF! -> #REF! | E29: =D29*C29 -> #REF!
B30: Гренадин 40 | C30: 0.04 | D30: =#REF! -> #REF! | E30: =D30*C30 -> #REF!
E31: =D31*C31 -> 0
E32: =D32*C32 -> 0
E33: =D33*C33 -> 0 | F33: =SUM(E33:E38) -> 0 | H33: =(G33-F33)/F33*100 -> #DIV/0!
E34: =D34*C34 -> 0
E35: =D35*C35 -> 0
E36: =D36*C36 -> 0
E37: =D37*C37 -> 0
E38: =D38*C38 -> 0
E39: =D39*C39 -> 0 | F39: =SUM(E39:E44) -> 0 | H39: =(G39-F39)/F39*100 -> #DIV/0!
E40: =D40*C40 -> 0
E41: =D41*C41 -> 0
E42: =D42*C42 -> 0
E43: =D43*C43 -> 0
E44: =D44*C44 -> 0
E45: =D45*C45 -> 0 | F45: =SUM(E45:E50) -> 0 | H45: =(G45-F45)/F45*100 -> #DIV/0!
E46: =D46*C46 -> 0
E47: =D47*C47 -> 0
E48: =D48*C48 -> 0
E49: =D49*C49 -> 0
E50: =D50*C50 -> 0
E51: =D51*C51 -> 0 | F51: =SUM(E51:E56) -> 0 | H51: =(G51-F51)/F51*100 -> #DIV/0!
E52: =D52*C52 -> 0
E53: =D53*C53 -> 0
E54: =D54*C54 -> 0
E55: =D55*C55 -> 0
E56: =D56*C56 -> 0
E57: =D57*C57 -> 0 | F57: =SUM(E57:E62) -> 0 | H57: =(G57-F57)/F57*100 -> #DIV/0!
E58: =D58*C58 -> 0
E59: =D59*C59 -> 0
E60: =D60*C60 -> 0
E61: =D61*C61 -> 0
E62: =D62*C62 -> 0
E63: =D63*C63 -> 0
E64: =D64*C64 -> 0
E65: =D65*C65 -> 0
E66: =D66*C66 -> 0
E67: =D67*C67 -> 0
E68: =D68*C68 -> 0
E69: =D69*C69 -> 0
... E75: =D75*C75 -> 0

Sheet жара 25
A1: Наименование | B1: Состав | C1: объем | D1: ст. литра | E1: сс | F1: сс позиции | G1: Цена | H1: НАЦЕНКА
A2: Flowers Spritz | B2: Джин 10 | C2: 0.01 | D2: =#REF! -> #REF! | E2: =D2*C2 -> #REF! | F2: =SUM(E2:E8) -> #REF! | G2: 700 | H2: =(G2-F2)/F2*100 -> #REF!
B3: Ликер Бузины 40 | C3: 0.04 | D3: =#REF! -> #REF! | E3: =D3*C3 -> #REF!
B4: Сироп жасмин 10 | C4: 0.01 | D4: =#REF! -> #REF! | E4: =D4*C4 -> #REF!
B5: Игристое 80 | C5: 0.08 | D5: =#REF! -> #REF! | E5: =D5*C5 -> #REF!
B6: Содовая 20 | C6: 0.02 | D6: =#REF!*2 -> #VALUE! | E6: =D6*C6 -> #VALUE!
E7: =D7*C7 -> 0
E8: =D8*C8 -> 0
A9: Peach Aurora Spritz | B9: Персик ликер 40 | C9: 0.04 | D9: =#REF! -> #REF! | E9: =D9*C9 -> #REF! | F9: =SUM(E9:E14) -> #REF! | G9: 700 | H9: =(G9-F9)/F9*100 -> #REF!
B10: сироп Ваниль 10 | C10: 0.01 | D10: =#REF! -> #REF! | E10: =D10*C10 -> #REF!
B11: Игристое 100 | C11: 0.1 | D11: =#REF! -> #REF! | E11: =D11*C11 -> #REF!
B12: Содовая 20 | C12: 0.02 | D12: =#REF!*2 -> #VALUE! | E12: =D12*C12 -> #VALUE!
E13: =D13*C13 -> 0
E14: =D14*C14 -> 0
A15: Tropicana Spritz | B15: Ликер Кокос 20 | C15: 0.02 | D15: =#REF! -> #REF! | E15: =D15*C15 -> #REF! | F15: =SUM(E15:E20) -> #REF! | G15: 700 | H15: =(G15-F15)/F15*100 -> #REF!
B16: Ликер Дыня 20 | C16: 0.02 | D16: =#REF! -> #REF! | E16: =D16*C16 -> #REF!
B17: Кордиал Пандан Банан 20 | C17: 0.02 | D17: =#REF! -> #REF! | E17: =D17*C17 -> #REF!
B18: Игристое 80 | C18: 0.08 | D18: =#REF! -> #REF! | E18: =D18*C18 -> #REF!
B19: Содовая 20 | C19: 0.02 | D19: =#REF!*2 -> #VALUE! | E19: =D19*C19 -> #VALUE!
E20: =D20*C20 -> 0
A21: Zen Spritz | B21: Ликер Личи 40 | C21: 0.04 | D21: =#REF! -> #REF! | E21: =D21*C21 -> #REF! | F21: =SUM(E21:E26) -> #REF! | G21: 700 | H21: =(G21-F21)/F21*100 -> #REF!
B22: Сироп грейп 20 | C22: 0.02 | D22: =#REF! -> #REF! | E22: =D22*C22 -> #REF!
B23: Сок грейп 30 | C23: 0.03 | D23: =#REF! -> #REF! | E23: =D23*C23 -> #REF!
B24: Игристое 60 | C24: 0.06 | D24: =#REF! -> #REF! | E24: =D24*C24 -> #REF!
B25: Содовая 20 | C25: 0.02 | D25: =#REF!*2 -> #VALUE! | E25: =D25*C25 -> #VALUE!
E26: =D26*C26 -> 0
A27: Aqua Dulce Spritz | B27: Соджу 40 | C27: 0.04 | E27: =D27*C27 -> 0 | F27: =SUM(E27:E32) -> #REF! | G27: 700 | H27: =(G27-F27)/F27*100 -> #REF!
B28: Малина ликер 30 | C28: 0.03 | D28: =#REF! -> #REF! | E28: =D28*C28 -> #REF!
B29: Игристое 80 | C29: 0.08 | D29: =#REF! -> #REF! | E29: =D29*C29 -> #REF!
B30: Содовая 20 | C30: 0.02 | D30: =#REF!*2 -> #VALUE! | E30: =D30*C30 -> #VALUE!
E31: =D31*C31 -> 0
E32: =D32*C32 -> 0
E33: =D33*C33 -> 0 | F33: =SUM(E33:E38) -> 0 | H33: =(G33-F33)/F33*100 -> #DIV/0!
E34: =D34*C34 -> 0
E35: =D35*C35 -> 0
E36: =D36*C36 -> 0
E37: =D37*C37 -> 0
E38: =D38*C38 -> 0
E39: =D39*C39 -> 0 | F39: =SUM(E39:E44) -> 0 | H39: =(G39-F39)/F39*100 -> #DIV/0!
E40: =D40*C40 -> 0
E41: =D41*C41 -> 0
E42: =D42*C42 -> 0
E43: =D43*C43 -> 0
E44: =D44*C44 -> 0
E45: =D45*C45 -> 0 | F45: =SUM(E45:E50) -> 0 | H45: =(G45-F45)/F45*100 -> #DIV/0!
E46: =D46*C46 -> 0
E47: =D47*C47 -> 0
E48: =D48*C48 -> 0
E49: =D49*C49 -> 0
E50: =D50*C50 -> 0
E51: =D51*C51 -> 0 | F51: =SUM(E51:E56) -> 0 | H51: =(G51-F51)/F51*100 -> #DIV/0!
E52: =D52*C52 -> 0
E53: =D53*C53 -> 0
E54: =D54*C54 -> 0
E55: =D55*C55 -> 0
E56: =D56*C56 -> 0
E57: =D57*C57 -> 0 | F57: =SUM(E57:E62) -> 0 | H57: =(G57-F57)/F57*100 -> #DIV/0!
E58: =D58*C58 -> 0
E59: =D59*C59 -> 0
E60: =D60*C60 -> 0
E61: =D61*C61 -> 0
E62: =D62*C62 -> 0
E63: =D63*C63 -> 0
E64: =D64*C64 -> 0
E65: =D65*C65 -> 0
E66: =D66*C66 -> 0
E67: =D67*C67 -> 0
E68: =D68*C68 -> 0
E69: =D69*C69 -> 0
... E75: =D75*C75 -> 0

Sheet пират
A1: Наименование | B1: Состав | C1: объем | D1: ст. литра | E1: сс | F1: сс позиции | G1: Цена | H1: НАЦЕНКА
A2: Бунт на корабле (300мл | B2: Ром 40 | C2: 0.04 | D2: =#REF! -> #REF! | E2: =D2*C2 -> #REF! | F2: =SUM(E2:E8) -> #REF! | G2: 700 | H2: =(G2-F2)/F2*100 -> #REF!
B3: 2. Сироп Blacberry 20 | C3: 0.02 | D3: =#REF! -> #REF! | E3: =D3*C3 -> #REF!
B4: 3. Лимон сок 20 | C4: 0.02 | D4: =#REF! -> #REF! | E4: =D4*C4 -> #REF!
B5: 4. Апельсиновый сок 30 | C5: 0.03 | D5: =#REF! -> #REF! | E5: =D5*C5 -> #REF!
B6: 5. Игристое 40 | C6: 0.04 | D6: =#REF! -> #REF! | E6: =D6*C6 -> #REF!
E7: =D7*C7 -> 0
E8: =D8*C8 -> 0
A9: Проклятие Дэйви Джонса (300мл) | B9: 1. Ром 40 | C9: 0.04 | D9: =#REF! -> #REF! | E9: =D9*C9 -> #REF! | F9: =SUM(E9:E14) -> #REF! | G9: 700 | H9: =(G9-F9)/F9*100 -> #REF!
B10: 2. Лимон сок 20 | C10: 0.02 | D10: =#REF! -> #REF! | E10: =D10*C10 -> #REF!
B11: 3. Блюха 30 ликер | C11: 0.03 | D11: =#REF! -> #REF! | E11: =D11*C11 -> #REF!
B12: 4. Белок 30 | C12: 0.03 | D12: =#REF! -> #REF! | E12: =D12*C12 -> #REF!
B13: 5. Сироп кокос 20 | C13: 0.02 | D13: =#REF! -> #REF! | E13: =D13*C13 -> #REF!
E14: =D14*C14 -> 0
A15: Сундук Мертвеца (300мл) | B15: Ром - 40 | C15: 0.04 | D15: =#REF! -> #REF! | E15: =D15*C15 -> #REF! | F15: =SUM(E15:E20) -> #REF! | G15: 700 | H15: =(G15-F15)/F15*100 -> #REF!
B16: 2. Лимон сок - 20 | C16: 0.02 | D16: =#REF! -> #REF! | E16: =D16*C16 -> #REF!
B17: 3. Трипло 20 | C17: 0.02 | D17: =#REF! -> #REF! | E17: =D17*C17 -> #REF!
B18: 4. Белок 30 | C18: 0.03 | D18: =#REF! -> #REF! | E18: =D18*C18 -> #REF!
B19: 5. Сироп миндаль 20 | C19: 0.02 | D19: =#REF! -> #REF! | E19: =D19*C19 -> #REF!
E20: =D20*C20 -> 0
A21: Жемчужина Карибов (4х40) | B21: Ром 80 | C21: 0.08 | D21: =#REF! -> #REF! | E21: =D21*C21 -> #REF! | F21: =SUM(E21:E26) -> #REF! | G21: 1200 | H21: =(G21-F21)/F21*100 -> #REF!
B22: 2. Клавис груша жасмин виноград 30 | C22: 0.03 | D22: =#REF! -> #REF! | E22: =D22*C22 -> #REF!
B23: 3. Лимонный сок 20 | C23: 0.02 | D23: =#REF! -> #REF! | E23: =D23*C23 -> #REF!
B24: 4. Бабл гам сироп 30 | C24: 0.03 | D24: =#REF! -> #REF! | E24: =D24*C24 -> #REF!
E25: =D25*C25 -> 0
E26: =D26*C26 -> 0
A27: Бухта Скелетов (4х40 | B27: 1. Ром 50 | C27: 0.05 | D27: =#REF! -> #REF! | E27: =D27*C27 -> #REF! | F27: =SUM(E27:E32) -> #REF! | G27: 1200 | H27: =(G27-F27)/F27*100 -> #REF!
B28: 2. Клавис банан 30 | C28: 0.03 | D28: =#REF! -> #REF! | E28: =D28*C28 -> #REF!
B29: 3. Яблоко сок 20 | C29: 0.02 | D29: =#REF! -> #REF! | E29: =D29*C29 -> #REF!
B30: 4. Лимонный сок 20 | C30: 0.02 | D30: =#REF! -> #REF! | E30: =D30*C30 -> #REF!
B31: 5. Ликер персик 40 | C31: 0.04 | D31: =#REF! -> #REF! | E31: =D31*C31 -> #REF!
E32: =D32*C32 -> 0
E33: =D33*C33 -> 0 | F33: =SUM(E33:E38) -> 0 | H33: =(G33-F33)/F33*100 -> #DIV/0!
E34: =D34*C34 -> 0
E35: =D35*C35 -> 0
E36: =D36*C36 -> 0
E37: =D37*C37 -> 0
E38: =D38*C38 -> 0
E39: =D39*C39 -> 0 | F39: =SUM(E39:E44) -> 0 | H39: =(G39-F39)/F39*100 -> #DIV/0!
E40: =D40*C40 -> 0
E41: =D41*C41 -> 0
E42: =D42*C42 -> 0
E43: =D43*C43 -> 0
E44: =D44*C44 -> 0
E45: =D45*C45 -> 0 | F45: =SUM(E45:E50) -> 0 | H45: =(G45-F45)/F45*100 -> #DIV/0!
E46: =D46*C46 -> 0
E47: =D47*C47 -> 0
E48: =D48*C48 -> 0
E49: =D49*C49 -> 0
E50: =D50*C50 -> 0
E51: =D51*C51 -> 0 | F51: =SUM(E51:E56) -> 0 | H51: =(G51-F51)/F51*100 -> #DIV/0!
E52: =D52*C52 -> 0
E53: =D53*C53 -> 0
E54: =D54*C54 -> 0
E55: =D55*C55 -> 0
E56: =D56*C56 -> 0
E57: =D57*C57 -> 0 | F57: =SUM(E57:E62) -> 0 | H57: =(G57-F57)/F57*100 -> #DIV/0!
E58: =D58*C58 -> 0
E59: =D59*C59 -> 0
E60: =D60*C60 -> 0
E61: =D61*C61 -> 0
E62: =D62*C62 -> 0
E63: =D63*C63 -> 0
E64: =D64*C64 -> 0
E65: =D65*C65 -> 0
E66: =D66*C66 -> 0
E67: =D67*C67 -> 0
E68: =D68*C68 -> 0
E69: =D69*C69 -> 0
... E75: =D75*C75 -> 0

Sheet 90е
A1: Наименование | B1: Состав | C1: объем | D1: ст. литра | E1: сс | F1: сс позиции | G1: Цена | H1: НАЦЕНКА
A2: Blazer 300мл | B2: Джин 40 | C2: 0.04 | D2: =#REF! -> #REF! | E2: =D2*C2 -> #REF! | F2: =SUM(E2:E8) -> #REF! | G2: 650 | H2: =(G2-F2)/F2*100 -> #REF!
B3: Блю Кюрасао ликер 20 | C3: 0.02 | D3: =#REF! -> #REF! | E3: =D3*C3 -> #REF!
B4: Лимонный сок 20 | C4: 0.02 | D4: =#REF! -> #REF! | E4: =D4*C4 -> #REF!
B5: Белок 20 | C5: 0.02 | D5: =#REF! -> #REF! | E5: =D5*C5 -> #REF!
B6: Тоник 80 | C6: 0.08 | D6: =#REF! -> #REF! | E6: =D6*C6 -> #REF!
E7: =D7*C7 -> 0
E8: =D8*C8 -> 0
A9: Jaguar 300мл | B9: Ром 40 | C9: 0.04 | D9: =#REF! -> #REF! | E9: =D9*C9 -> #REF! | F9: =SUM(E9:E14) -> #REF! | G9: 600 | H9: =(G9-F9)/F9*100 -> #REF!
B10: Пюре маракуйя 20 | C10: 0.02 | D10: =#REF! -> #REF! | E10: =D10*C10 -> #REF!
B11: Ананасовый сок 40 | C11: 0.04 | D11: =#REF! -> #REF! | E11: =D11*C11 -> #REF!
B12: Лимонный сок 20 | C12: 0.02 | D12: =#REF! -> #REF! | E12: =D12*C12 -> #REF!
B13: Тоник 60 | C13: 0.06 | D13: =#REF! -> #REF! | E13: =D13*C13 -> #REF!
E14: =D14*C14 -> 0
A15: Strike 300 мл | B15: Водка 40 | C15: 0.04 | D15: =#REF! -> #REF! | E15: =D15*C15 -> #REF! | F15: =SUM(E15:E20) -> #REF! | G15: 700 | H15: =(G15-F15)/F15*100 -> #REF!
B16: Лимонный 20 | C16: 0.02 | D16: =#REF! -> #REF! | E16: =D16*C16 -> #REF!
B17: Ликер малины 20 | C17: 0.02 | D17: =#REF! -> #REF! | E17: =D17*C17 -> #REF!
B18: Сок вишня 30 | C18: 0.03 | D18: =#REF! -> #REF! | E18: =D18*C18 -> #REF!
B19: Рб 1/2 | C19: 0.5 | D19: =#REF! -> #REF! | E19: =D19*C19 -> #REF!
E20: =D20*C20 -> 0
A21: Три топора 4х40 | B21: Вермут Россо 60 | C21: 0.06 | D21: =#REF! -> #REF! | E21: =D21*C21 -> #REF! | F21: =SUM(E21:E26) -> #REF! | G21: 1100 | H21: =(G21-F21)/F21*100 -> #REF!
B22: Трипло 60 | C22: 0.06 | D22: =#REF! -> #REF! | E22: =D22*C22 -> #REF!
B23: Черри сироп 40 | C23: 0.04 | D23: =#REF! -> #REF! | E23: =D23*C23 -> #REF!
E24: =D24*C24 -> 0
E25: =D25*C25 -> 0
E26: =D26*C26 -> 0
A27: MTV Vibes 4х40 | B27: Виски 60 | C27: 0.06 | D27: =#REF! -> #REF! | E27: =D27*C27 -> #REF! | F27: =SUM(E27:E32) -> #REF! | G27: 1000 | H27: =(G27-F27)/F27*100 -> #REF!
B28: Трипло 40 | C28: 0.04 | D28: =#REF! -> #REF! | E28: =D28*C28 -> #REF!
B29: Ванильный сироп 30 | C29: 0.03 | D29: =#REF! -> #REF! | E29: =D29*C29 -> #REF!
B30: Лимонный сок 20 | C30: 0.02 | D30: =#REF! -> #REF! | E30: =D30*C30 -> #REF!
E31: =D31*C31 -> 0
E32: =D32*C32 -> 0
E33: =D33*C33 -> 0 | F33: =SUM(E33:E38) -> 0 | H33: =(G33-F33)/F33*100 -> #DIV/0!
E34: =D34*C34 -> 0
E35: =D35*C35 -> 0
E36: =D36*C36 -> 0
E37: =D37*C37 -> 0
E38: =D38*C38 -> 0
E39: =D39*C39 -> 0 | F39: =SUM(E39:E44) -> 0 | H39: =(G39-F39)/F39*100 -> #DIV/0!
E40: =D40*C40 -> 0
E41: =D41*C41 -> 0
E42: =D42*C42 -> 0
E43: =D43*C43 -> 0
E44: =D44*C44 -> 0
E45: =D45*C45 -> 0 | F45: =SUM(E45:E50) -> 0 | H45: =(G45-F45)/F45*100 -> #DIV/0!
E46: =D46*C46 -> 0
E47: =D47*C47 -> 0
E48: =D48*C48 -> 0
E49: =D49*C49 -> 0
E50: =D50*C50 -> 0
E51: =D51*C51 -> 0 | F51: =SUM(E51:E56) -> 0 | H51: =(G51-F51)/F51*100 -> #DIV/0!
E52: =D52*C52 -> 0
E53: =D53*C53 -> 0
E54: =D54*C54 -> 0
E55: =D55*C55 -> 0
E56: =D56*C56 -> 0
E57: =D57*C57 -> 0 | F57: =SUM(E57:E62) -> 0 | H57: =(G57-F57)/F57*100 -> #DIV/0!
E58: =D58*C58 -> 0
E59: =D59*C59 -> 0
E60: =D60*C60 -> 0
E61: =D61*C61 -> 0
E62: =D62*C62 -> 0
E63: =D63*C63 -> 0
E64: =D64*C64 -> 0
E65: =D65*C65 -> 0
E66: =D66*C66 -> 0
E67: =D67*C67 -> 0
E68: =D68*C68 -> 0
E69: =D69*C69 -> 0
... E75: =D75*C75 -> 0

Sheet др кх
A1: Наименование | B1: Состав | C1: объем | D1: ст. литра | E1: сс | F1: сс позиции | G1: Цена | H1: НАЦЕНКА
A2: Midnight Coffee | B2: Сиббитер Кола 40 | C2: 0.04 | D2: =#REF! -> #REF! | E2: =D2*C2 -> #REF! | F2: =SUM(E2:E8) -> #REF! | G2: 650 | H2: =(G2-F2)/F2*100 -> #REF!
B3: Кофейный ликер 20 | C3: 0.02 | D3: =#REF! -> #REF! | E3: =D3*C3 -> #REF!
B4: Ванильный сироп 20 | C4: 0.02 | D4: =#REF! -> #REF! | E4: =D4*C4 -> #REF!
B5: Белок 20 | C5: 0.02 | D5: =#REF! -> #REF! | E5: =D5*C5 -> #REF!
E6: =D6*C6 -> 0
E7: =D7*C7 -> 0
E8: =D8*C8 -> 0
A9: Milkshake Collin’s (Milk + by VNVNC) | B9: Водка 40 | C9: 0.04 | D9: =#REF! -> #REF! | E9: =D9*C9 -> #REF! | F9: =SUM(E9:E14) -> #REF! | G9: 650 | H9: =(G9-F9)/F9*100 -> #REF!
B10: Ликер малины 20 | C10: 0.02 | D10: =#REF! -> #REF! | E10: =D10*C10 -> #REF!
B11: Пюре малины 20 | C11: 0.02 | D11: =#REF! -> #REF! | E11: =D11*C11 -> #REF!
B12: Сливки 40 | C12: 0.04 | D12: =#REF! -> #REF! | E12: =D12*C12 -> #REF!
B13: Содовая 20 | C13: 0.02 | D13: 79 | E13: =D13*C13 -> 1.58
E14: =D14*C14 -> 0
A15: Emerald Glow | B15: Водка 30 | C15: 0.03 | D15: =#REF! -> #REF! | E15: =D15*C15 -> #REF! | F15: =SUM(E15:E20) -> #REF! | G15: 650 | H15: =(G15-F15)/F15*100 -> #REF!
B16: Ликер Мелон 20 | C16: 0.02 | D16: =#REF! -> #REF! | E16: =D16*C16 -> #REF!
B17: Блю Кюрасао 20 | C17: 0.02 | D17: =#REF! -> #REF! | E17: =D17*C17 -> #REF!
B18: Лимон 20 | C18: 0.02 | D18: =#REF! -> #REF! | E18: =D18*C18 -> #REF!
B19: Ананас сок 20 | C19: 0.02 | D19: =#REF! -> #REF! | E19: =D19*C19 -> #REF!
B20: Белок 20 | C20: 0.02 | D20: =#REF! -> #REF! | E20: =D20*C20 -> #REF!
A21: My little Hommie | B21: Ром - 60 | C21: 0.06 | D21: =#REF! -> #REF! | E21: =D21*C21 -> #REF! | F21: =SUM(E21:E26) -> #REF! | G21: 1000 | H21: =(G21-F21)/F21*100 -> #REF!
B22: Сливочный ликер 30 | C22: 0.03 | D22: =#REF! -> #REF! | E22: =D22*C22 -> #REF!
B23: Кофейный ликер 30 | C23: 0.03 | D23: =#REF! -> #REF! | E23: =D23*C23 -> #REF!
B24: Ванильный сироп 40 | C24: 0.04 | D24: =#REF! -> #REF! | E24: =D24*C24 -> #REF!
E25: =D25*C25 -> 0
E26: =D26*C26 -> 0
A27: Triple SiX | B27: Джин - 80 | C27: 0.08 | D27: =#REF! -> #REF! | E27: =D27*C27 -> #REF! | F27: =SUM(E27:E32) -> #REF! | G27: 1200 | H27: =(G27-F27)/F27*100 -> #REF!
B28: Малиновое пюре - 40 | C28: 0.04 | D28: 1100 | E28: =D28*C28 -> 44
B29: Малиновый Ликер 40 | C29: 0.04 | D29: =#REF! -> #REF! | E29: =D29*C29 -> #REF!
B30: Табаско 2-3 капли | C30: 0.001 | D30: 1500 | E30: =D30*C30 -> 1.5
E31: =D31*C31 -> 0
E32: =D32*C32 -> 0
A33: Angels | B33: Джин 50 | C33: 0.05 | D33: =#REF! -> #REF! | E33: =D33*C33 -> #REF! | F33: =SUM(E33:E38) -> #REF! | G33: 1100 | H33: =(G33-F33)/F33*100 -> #REF!
B34: Блю Кюрасао 30 | C34: 0.03 | D34: =#REF! -> #REF! | E34: =D34*C34 -> #REF!
B35: Лимонный сок 40 | C35: 0.04 | D35: =#REF! -> #REF! | E35: =D35*C35 -> #REF!
B36: Пюре малины 40 | C36: 0.04 | D36: =#REF! -> #REF! | E36: =D36*C36 -> #REF!
E37: =D37*C37 -> 0
E38: =D38*C38 -> 0
E39: =D39*C39 -> 0 | F39: =SUM(E39:E44) -> 0 | H39: =(G39-F39)/F39*100 -> #DIV/0!
E40: =D40*C40 -> 0
E41: =D41*C41 -> 0
E42: =D42*C42 -> 0
E43: =D43*C43 -> 0
E44: =D44*C44 -> 0
E45: =D45*C45 -> 0 | F45: =SUM(E45:E50) -> 0 | H45: =(G45-F45)/F45*100 -> #DIV/0!
E46: =D46*C46 -> 0
E47: =D47*C47 -> 0
E48: =D48*C48 -> 0
E49: =D49*C49 -> 0
E50: =D50*C50 -> 0
E51: =D51*C51 -> 0 | F51: =SUM(E51:E56) -> 0 | H51: =(G51-F51)/F51*100 -> #DIV/0!
E52: =D52*C52 -> 0
E53: =D53*C53 -> 0
E54: =D54*C54 -> 0
E55: =D55*C55 -> 0
E56: =D56*C56 -> 0
E57: =D57*C57 -> 0 | F57: =SUM(E57:E62) -> 0 | H57: =(G57-F57)/F57*100 -> #DIV/0!
E58: =D58*C58 -> 0
E59: =D59*C59 -> 0
E60: =D60*C60 -> 0
E61: =D61*C61 -> 0
E62: =D62*C62 -> 0
E63: =D63*C63 -> 0
E64: =D64*C64 -> 0
E65: =D65*C65 -> 0
E66: =D66*C66 -> 0
E67: =D67*C67 -> 0
E68: =D68*C68 -> 0
E69: =D69*C69 -> 0
... E75: =D75*C75 -> 0

Sheet жара 9.25
A1: Наименование | B1: Состав | C1: объем | D1: ст. литра | E1: сс | F1: сс позиции | G1: Цена | H1: НАЦЕНКА
A2: Melon Perle | B2: Ликер кокос 26 | C2: 0.026 | D2: =#REF! -> #REF! | E2: =D2*C2 -> #REF! | F2: =SUM(E2:E8) -> #REF! | G2: 700 | H2: =(G2-F2)/F2*100 -> #REF!
B3: Ликер дыни 26 | C3: 0.026 | D3: =#REF! -> #REF! | E3: =D3*C3 -> #REF!
B4: Игристое 60 | C4: 0.06 | D4: =#REF! -> #REF! | E4: =D4*C4 -> #REF!
B5: Содовая 20 | C5: 0.02 | D5: 79 | E5: =D5*C5 -> 1.58
E6: =D6*C6 -> 0
E7: =D7*C7 -> 0
E8: =D8*C8 -> 0
A9: Velvet bramble | B9: Джин 50 | C9: 0.05 | D9: =#REF! -> #REF! | E9: =D9*C9 -> #REF! | F9: =SUM(E9:E14) -> #REF! | G9: 600 | H9: =(G9-F9)/F9*100 -> #REF!
B10: Лимонный сок 30 | C10: 0.03 | D10: =#REF! -> #REF! | E10: =D10*C10 -> #REF!
B11: Сироп Блэк Берри 30 | C11: 0.03 | D11: =#REF! -> #REF! | E11: =D11*C11 -> #REF!
B12: Содовая 50 | C12: 0.05 | D12: 79 | E12: =D12*C12 -> 3.95
E13: =D13*C13 -> 0
E14: =D14*C14 -> 0
A15: Summer dram | B15: Виски 40 | C15: 0.04 | D15: =#REF! -> #REF! | E15: =D15*C15 -> #REF! | F15: =SUM(E15:E20) -> #REF! | G15: 650 | H15: =(G15-F15)/F15*100 -> #REF!
B16: Ликер персик 20 | C16: 0.02 | D16: =#REF! -> #REF! | E16: =D16*C16 -> #REF!
B17: Сироп банан 20 | C17: 0.02 | D17: =#REF! -> #REF! | E17: =D17*C17 -> #REF!
B18: Сок лимона 20 | C18: 0.02 | D18: =#REF! -> #REF! | E18: =D18*C18 -> #REF!
B19: Сок яблоко 60 | C19: 0.06 | D19: =#REF! -> #REF! | E19: =D19*C19 -> #REF!
E20: =D20*C20 -> 0
A21: In da game | B21: Ром 60 | C21: 0.06 | D21: =#REF! -> #REF! | E21: =D21*C21 -> #REF! | F21: =SUM(E21:E26) -> #REF! | G21: 900 | H21: =(G21-F21)/F21*100 -> #REF!
B22: Ликер кокос 40 | C22: 0.04 | D22: =#REF! -> #REF! | E22: =D22*C22 -> #REF!
B23: Лимонный фреш 30 | C23: 0.03 | D23: =#REF! -> #REF! | E23: =D23*C23 -> #REF!
B24: Сироп ваниль 30 | C24: 0.03 | D24: =#REF! -> #REF! | E24: =D24*C24 -> #REF!
E25: =D25*C25 -> 0
E26: =D26*C26 -> 0
A27: Gin eldorado | B27: Джин 60 | C27: 0.06 | D27: =#REF! -> #REF! | E27: =D27*C27 -> #REF! | F27: =SUM(E27:E32) -> #REF! | G27: 900 | H27: =(G27-F27)/F27*100 -> #REF!
B28: Ликер бузины 40 | C28: 0.04 | D28: =#REF! -> #REF! | E28: =D28*C28 -> #REF!
B29: Лимонный фреш 30 | C29: 0.03 | D29: =#REF! -> #REF! | E29: =D29*C29 -> #REF!
B30: Сироп Гренадин 30 | C30: 0.03 | D30: =#REF! -> #REF! | E30: =D30*C30 -> #REF!
E31: =D31*C31 -> 0
E32: =D32*C32 -> 0
E33: =D33*C33 -> 0 | F33: =SUM(E33:E38) -> 0 | G33: 1100 | H33: =(G33-F33)/F33*100 -> #DIV/0!
E34: =D34*C34 -> 0
E35: =D35*C35 -> 0
E36: =D36*C36 -> 0
E37: =D37*C37 -> 0
E38: =D38*C38 -> 0
E39: =D39*C39 -> 0 | F39: =SUM(E39:E44) -> 0 | H39: =(G39-F39)/F39*100 -> #DIV/0!
E40: =D40*C40 -> 0
E41: =D41*C41 -> 0
E42: =D42*C42 -> 0
E43: =D43*C43 -> 0
E44: =D44*C44 -> 0
E45: =D45*C45 -> 0 | F45: =SUM(E45:E50) -> 0 | H45: =(G45-F45)/F45*100 -> #DIV/0!
E46: =D46*C46 -> 0
E47: =D47*C47 -> 0
E48: =D48*C48 -> 0
E49: =D49*C49 -> 0
E50: =D50*C50 -> 0
E51: =D51*C51 -> 0 | F51: =SUM(E51:E56) -> 0 | H51: =(G51-F51)/F51*100 -> #DIV/0!
E52: =D52*C52 -> 0
E53: =D53*C53 -> 0
E54: =D54*C54 -> 0
E55: =D55*C55 -> 0
E56: =D56*C56 -> 0
E57: =D57*C57 -> 0 | F57: =SUM(E57:E62) -> 0 | H57: =(G57-F57)/F57*100 -> #DIV/0!
E58: =D58*C58 -> 0
E59: =D59*C59 -> 0
E60: =D60*C60 -> 0
E61: =D61*C61 -> 0
E62: =D62*C62 -> 0
E63: =D63*C63 -> 0
E64: =D64*C64 -> 0
E65: =D65*C65 -> 0
E66: =D66*C66 -> 0
E67: =D67*C67 -> 0
E68: =D68*C68 -> 0
E69: =D69*C69 -> 0
... E75: =D75*C75 -> 0

Sheet хипрок
A1: Наименование | B1: Состав | C1: объем | D1: ст. литра | E1: сс | F1: сс позиции | G1: Цена | H1: НАЦЕНКА
A2: Street king шейк обьем 300 хоп | B2: Водка 40 | C2: 0.04 | D2: =#REF! -> #REF! | E2: =D2*C2 -> #REF! | F2: =SUM(E2:E8) -> #REF! | G2: 700 | H2: =(G2-F2)/F2*100 -> #REF!
B3: Ликер яблоко 20 | C3: 0.02 | D3: =#REF! -> #REF! | E3: =D3*C3 -> #REF!
B4: Лимонный фреш 20 | C4: 0.04 | D4: =#REF! -> #REF! | E4: =D4*C4 -> #REF!
B5: Сироп лайм 20 | C5: 0.02 | D5: =#REF! -> #REF! | E5: =D5*C5 -> #REF!
B6: Содовая 40 | C6: 0.04 | D6: 80 | E6: =D6*C6 -> 3.2
E7: =D7*C7 -> 0
E8: =D8*C8 -> 0
A9: Flow Rider шейк 300мл хоп | B9: Ром 40 | C9: 0.04 | D9: =#REF! -> #REF! | E9: =D9*C9 -> #REF! | F9: =SUM(E9:E14) -> #REF! | G9: 600 | H9: =(G9-F9)/F9*100 -> #REF!
B10: Ликер кокос 20 | C10: 0.02 | D10: =#REF! -> #REF! | E10: =D10*C10 -> #REF!
B11: Пюре маракуйя 20 | C11: 0.02 | D11: =#REF! -> #REF! | E11: =D11*C11 -> #REF!
B12: Белок 20 | C12: 0.02 | D12: =#REF! -> #REF! | E12: =D12*C12 -> #REF!
B13: Лимон 20 | C13: 0.02 | D13: =#REF! -> #REF! | E13: =D13*C13 -> #REF!
E14: =D14*C14 -> 0
A15: Creep cooler стир 250мл рок | B15: Виски 30 | C15: 0.03 | D15: =#REF! -> #REF! | E15: =D15*C15 -> #REF! | F15: =SUM(E15:E20) -> #REF! | G15: 650 | H15: =(G15-F15)/F15*100 -> #REF!
B16: Мартини Россо 25 | C16: 0.025 | D16: =#REF! -> #REF! | E16: =D16*C16 -> #REF!
B17: Биттер 25 | C17: 0.025 | D17: =#REF! -> #REF! | E17: =D17*C17 -> #REF!
B18: Кофейный ликер 10 | C18: 0.01 | D18: =#REF! -> #REF! | E18: =D18*C18 -> #REF!
E19: =D19*C19 -> 0
E20: =D20*C20 -> 0
A21: Red riot шейк 300мл рок | B21: Трипло 30 | C21: 0.03 | D21: =#REF! -> #REF! | E21: =D21*C21 -> #REF! | F21: =SUM(E21:E26) -> #REF! | G21: 900 | H21: =(G21-F21)/F21*100 -> #REF!
B22: Биттер 30 | C22: 0.03 | D22: =#REF! -> #REF! | E22: =D22*C22 -> #REF!
B23: Сок апельсин 20 | C23: 0.02 | D23: =#REF! -> #REF! | E23: =D23*C23 -> #REF!
B24: Сок грейпфрут 40 | C24: 0.04 | D24: =#REF! -> #REF! | E24: =D24*C24 -> #REF!
E25: =D25*C25 -> 0
E26: =D26*C26 -> 0
A27: C.R.E.A.M. шейк | B27: Кокосовый ликер 60 | C27: 0.06 | D27: =#REF! -> #REF! | E27: =D27*C27 -> #REF! | F27: =SUM(E27:E32) -> #REF! | G27: 900 | H27: =(G27-F27)/F27*100 -> #REF!
B28: Ликер личи 60 | C28: 0.06 | D28: =#REF! -> #REF! | E28: =D28*C28 -> #REF!
B29: Сливки 20 | C29: 0.02 | D29: =#REF! -> #REF! | E29: =D29*C29 -> #REF!
E30: =D30*C30 -> 0
E31: =D31*C31 -> 0
E32: =D32*C32 -> 0
A33: Road to hell слоями | B33: Кофейный 60 | C33: 0.06 | D33: =#REF! -> #REF! | E33: =D33*C33 -> #REF! | F33: =SUM(E33:E38) -> #REF! | G33: 1100 | H33: =(G33-F33)/F33*100 -> #REF!
B34: Трипла 60 | C34: 0.06 | D34: =#REF! -> #REF! | E34: =D34*C34 -> #REF!
B35: Ром 40 | C35: 0.04 | D35: =#REF! -> #REF! | E35: =D35*C35 -> #REF!
E36: =D36*C36 -> 0
E37: =D37*C37 -> 0
E38: =D38*C38 -> 0
E39: =D39*C39 -> 0 | F39: =SUM(E39:E44) -> 0 | H39: =(G39-F39)/F39*100 -> #DIV/0!
E40: =D40*C40 -> 0
E41: =D41*C41 -> 0
E42: =D42*C42 -> 0
E43: =D43*C43 -> 0
E44: =D44*C44 -> 0
E45: =D45*C45 -> 0 | F45: =SUM(E45:E50) -> 0 | H45: =(G45-F45)/F45*100 -> #DIV/0!
E46: =D46*C46 -> 0
E47: =D47*C47 -> 0
E48: =D48*C48 -> 0
E49: =D49*C49 -> 0
E50: =D50*C50 -> 0
E51: =D51*C51 -> 0 | F51: =SUM(E51:E56) -> 0 | H51: =(G51-F51)/F51*100 -> #DIV/0!
E52: =D52*C52 -> 0
E53: =D53*C53 -> 0
E54: =D54*C54 -> 0
E55: =D55*C55 -> 0
E56: =D56*C56 -> 0
E57: =D57*C57 -> 0 | F57: =SUM(E57:E62) -> 0 | H57: =(G57-F57)/F57*100 -> #DIV/0!
E58: =D58*C58 -> 0
E59: =D59*C59 -> 0
E60: =D60*C60 -> 0
E61: =D61*C61 -> 0
E62: =D62*C62 -> 0
E63: =D63*C63 -> 0
E64: =D64*C64 -> 0
E65: =D65*C65 -> 0
E66: =D66*C66 -> 0
E67: =D67*C67 -> 0
E68: =D68*C68 -> 0
E69: =D69*C69 -> 0
... E75: =D75*C75 -> 0

Sheet бэк скул
A1: Наименование | B1: Состав | C1: объем | D1: ст. литра | E1: сс | F1: сс позиции | G1: Цена | H1: НАЦЕНКА
A2: Pop quiz шейк 300мл | B2: Ром 40 | C2: 0.04 | D2: =#REF! -> #REF! | E2: =D2*C2 -> #REF! | F2: =SUM(E2:E8) -> #REF! | G2: 600 | H2: =(G2-F2)/F2*100 -> #REF!
B3: Ликер личи 20 | C3: 0.02 | D3: =#REF! -> #REF! | E3: =D3*C3 -> #REF!
B4: Сок лимона 20 | C4: 0.04 | D4: =#REF! -> #REF! | E4: =D4*C4 -> #REF!
B5: Сироп бабл гам 20 | C5: 0.02 | D5: =#REF! -> #REF! | E5: =D5*C5 -> #REF!
B6: Содовая 30 | C6: 0.03 | D6: 80 | E6: =D6*C6 -> 2.4
E7: =D7*C7 -> 0
E8: =D8*C8 -> 0
A9: First Bell(Первый звонок) дабл шейк 300мл | B9: джин 40 | C9: 0.04 | D9: =#REF! -> #REF! | E9: =D9*C9 -> #REF! | F9: =SUM(E9:E14) -> #REF! | G9: 600 | H9: =(G9-F9)/F9*100 -> #REF!
B10: Niva aperitivo 20 | C10: 0.02 | D10: =#REF! -> #REF! | E10: =D10*C10 -> #REF!
B11: Лимон 20 | C11: 0.02 | D11: =#REF! -> #REF! | E11: =D11*C11 -> #REF!
B12: Пюре малина 20 | C12: 0.02 | D12: =#REF! -> #REF! | E12: =D12*C12 -> #REF!
B13: Белок 25 | C13: 0.025 | D13: =#REF! -> #REF! | E13: =D13*C13 -> #REF!
E14: =D14*C14 -> 0
A15: School spirit шейк 300 мл | B15: Тундра биттер 40 | C15: 0.04 | D15: =#REF! -> #REF! | E15: =D15*C15 -> #REF! | F15: =SUM(E15:E20) -> #REF! | G15: 600 | H15: =(G15-F15)/F15*100 -> #REF!
B16: Биттер 20 | C16: 0.02 | D16: =#REF! -> #REF! | E16: =D16*C16 -> #REF!
B17: Лимон 20 | C17: 0.02 | D17: =#REF! -> #REF! | E17: =D17*C17 -> #REF!
B18: Гренадин 20 | C18: 0.02 | D18: =#REF! -> #REF! | E18: =D18*C18 -> #REF!
B19: Сок апельсин 60 | C19: 0.06 | D19: =#REF! -> #REF! | E19: =D19*C19 -> #REF!
E20: =D20*C20 -> 0
A21: Math problem | B21: Лаб 38 груша 60 | C21: 0.06 | D21: =#REF! -> #REF! | E21: =D21*C21 -> #REF! | F21: =SUM(E21:E26) -> #REF! | G21: 1100 | H21: =(G21-F21)/F21*100 -> #REF!
B22: Ликер бузины 40 | C22: 0.04 | D22: =#REF! -> #REF! | E22: =D22*C22 -> #REF!
B23: Сироп лайм 40 | C23: 0.04 | D23: =#REF! -> #REF! | E23: =D23*C23 -> #REF!
B24: Сок лимона 40 | C24: 0.04 | D24: =#REF! -> #REF! | E24: =D24*C24 -> #REF!
E25: =D25*C25 -> 0
E26: =D26*C26 -> 0
A27: History shot | B27: Водка 60 | C27: 0.06 | D27: =#REF! -> #REF! | E27: =D27*C27 -> #REF! | F27: =SUM(E27:E32) -> #REF! | G27: 1000 | H27: =(G27-F27)/F27*100 -> #REF!
B28: Ликер персик 40 | C28: 0.04 | D28: =#REF! -> #REF! | E28: =D28*C28 -> #REF!
B29: Сок лимона 20 | C29: 0.04 | D29: =#REF! -> #REF! | E29: =D29*C29 -> #REF!
B30: Сок апельсин 20 | C30: 0.02 | D30: =#REF! -> #REF! | E30: =D30*C30 -> #REF!
B31: Пюре маракуйя 20 | C31: 0.02 | D31: =#REF! -> #REF! | E31: =D31*C31 -> #REF!
E32: =D32*C32 -> 0
E33: =D33*C33 -> 0 | F33: =SUM(E33:E38) -> 0 | G33: 1100 | H33: =(G33-F33)/F33*100 -> #DIV/0!
E34: =D34*C34 -> 0
E35: =D35*C35 -> 0
E36: =D36*C36 -> 0
E37: =D37*C37 -> 0
E38: =D38*C38 -> 0
E39: =D39*C39 -> 0 | F39: =SUM(E39:E44) -> 0 | H39: =(G39-F39)/F39*100 -> #DIV/0!
E40: =D40*C40 -> 0
E41: =D41*C41 -> 0
E42: =D42*C42 -> 0
E43: =D43*C43 -> 0
E44: =D44*C44 -> 0
E45: =D45*C45 -> 0 | F45: =SUM(E45:E50) -> 0 | H45: =(G45-F45)/F45*100 -> #DIV/0!
E46: =D46*C46 -> 0
E47: =D47*C47 -> 0
E48: =D48*C48 -> 0
E49: =D49*C49 -> 0
E50: =D50*C50 -> 0
E51: =D51*C51 -> 0 | F51: =SUM(E51:E56) -> 0 | H51: =(G51-F51)/F51*100 -> #DIV/0!
E52: =D52*C52 -> 0
E53: =D53*C53 -> 0
E54: =D54*C54 -> 0
E55: =D55*C55 -> 0
E56: =D56*C56 -> 0
E57: =D57*C57 -> 0 | F57: =SUM(E57:E62) -> 0 | H57: =(G57-F57)/F57*100 -> #DIV/0!
E58: =D58*C58 -> 0
E59: =D59*C59 -> 0
E60: =D60*C60 -> 0
E61: =D61*C61 -> 0
E62: =D62*C62 -> 0
E63: =D63*C63 -> 0
E64: =D64*C64 -> 0
E65: =D65*C65 -> 0
E66: =D66*C66 -> 0
E67: =D67*C67 -> 0
E68: =D68*C68 -> 0
E69: =D69*C69 -> 0
... E75: =D75*C75 -> 0

Sheet студенты опять
A1: Наименование | B1: Состав | C1: объем | D1: ст. литра | E1: сс | F1: сс позиции | G1: Цена | H1: НАЦЕНКА
A2: Деканат open bar | B2: Rum 40 | C2: 0.04 | D2: =#REF! -> #REF! | E2: =D2*C2 -> #REF! | F2: =SUM(E2:E8) -> #REF! | G2: 650 | H2: =(G2-F2)/F2*100 -> #REF!
B3: Niva distillery Blue Curaçao 20 | C3: 0.02 | D3: =#REF! -> #REF! | E3: =D3*C3 -> #REF!
B4: Lemon fresh 20 | C4: 0.02 | D4: =#REF! -> #REF! | E4: =D4*C4 -> #REF!
B5: Syrup Coconut 20 | C5: 0.02 | D5: =#REF! -> #REF! | E5: =D5*C5 -> #REF!
B6: White egg 20 | C6: 0.02 | D6: =#REF! -> #REF! | E6: =D6*C6 -> #REF!
E7: =D7*C7 -> 0
E8: =D8*C8 -> 0
A9: Сессия без паники | B9: Niva distillery coconut 30 | C9: 0.026 | D9: =#REF! -> #REF! | E9: =D9*C9 -> #REF! | F9: =SUM(E9:E14) -> #REF! | G9: 700 | H9: =(G9-F9)/F9*100 -> #REF!
B10: Niva distillery melon 30 | C10: 0.026 | D10: =#REF! -> #REF! | E10: =D10*C10 -> #REF!
B11: Sparkling wine 60 | C11: 0.06 | D11: =#REF! -> #REF! | E11: =D11*C11 -> #REF!
B12: Soda 20 | C12: 0.03 | D12: 80 | E12: =D12*C12 -> 2.4
E13: =D13*C13 -> 0
E14: =D14*C14 -> 0
A15: Ночь перед сессией | B15: Vodka 40 | C15: 0.04 | D15: =#REF! -> #REF! | E15: =D15*C15 -> #REF! | F15: =SUM(E15:E20) -> #REF! | G15: 600 | H15: =(G15-F15)/F15*100 -> #REF!
B16: Niva distillery apple 20 | C16: 0.02 | D16: =#REF! -> #REF! | E16: =D16*C16 -> #REF!
B17: Lemon fresh 20 | C17: 0.02 | D17: =#REF! -> #REF! | E17: =D17*C17 -> #REF!
B18: Syrup lime 20 | C18: 0.02 | D18: =#REF! -> #REF! | E18: =D18*C18 -> #REF!
B19: Soda 40 | C19: 0.04 | D19: 80 | E19: =D19*C19 -> 3.2
E20: =D20*C20 -> 0
A21: Пересдача Deluxe | B21: Niva distillery coffee 60 | C21: 0.06 | D21: =#REF! -> #REF! | E21: =D21*C21 -> #REF! | F21: =SUM(E21:E26) -> #REF! | G21: 1200 | H21: =(G21-F21)/F21*100 -> #REF!
B22: Niva distillery triple sec 60 | C22: 0.06 | D22: =#REF! -> #REF! | E22: =D22*C22 -> #REF!
B23: Rum 40 | C23: 0.04 | D23: =#REF! -> #REF! | E23: =D23*C23 -> #REF!
E24: =D24*C24 -> 0
E25: =D25*C25 -> 0
E26: =D26*C26 -> 0
A27: Три балла до Рая | B27: Lab 38 pear quince 60 | C27: 0.06 | D27: =#REF! -> #REF! | E27: =D27*C27 -> #REF! | F27: =SUM(E27:E32) -> #REF! | G27: 1100 | H27: =(G27-F27)/F27*100 -> #REF!
B28: Niva distillery elderflower 40 | C28: 0.04 | D28: =#REF! -> #REF! | E28: =D28*C28 -> #REF!
B29: Syrup lime 40 | C29: 0.04 | D29: =#REF! -> #REF! | E29: =D29*C29 -> #REF!
B30: Lemon fresh 40 | C30: 0.04 | D30: =#REF! -> #REF! | E30: =D30*C30 -> #REF!
E31: =D31*C31 -> 0
E32: =D32*C32 -> 0
E33: =D33*C33 -> 0 | F33: =SUM(E33:E38) -> 0 | G33: 1100 | H33: =(G33-F33)/F33*100 -> #DIV/0!
E34: =D34*C34 -> 0
E35: =D35*C35 -> 0
E36: =D36*C36 -> 0
E37: =D37*C37 -> 0
E38: =D38*C38 -> 0
E39: =D39*C39 -> 0 | F39: =SUM(E39:E44) -> 0 | H39: =(G39-F39)/F39*100 -> #DIV/0!
E40: =D40*C40 -> 0
E41: =D41*C41 -> 0
E42: =D42*C42 -> 0
E43: =D43*C43 -> 0
E44: =D44*C44 -> 0
E45: =D45*C45 -> 0 | F45: =SUM(E45:E50) -> 0 | H45: =(G45-F45)/F45*100 -> #DIV/0!
E46: =D46*C46 -> 0
E47: =D47*C47 -> 0
E48: =D48*C48 -> 0
E49: =D49*C49 -> 0
E50: =D50*C50 -> 0
E51: =D51*C51 -> 0 | F51: =SUM(E51:E56) -> 0 | H51: =(G51-F51)/F51*100 -> #DIV/0!
E52: =D52*C52 -> 0
E53: =D53*C53 -> 0
E54: =D54*C54 -> 0
E55: =D55*C55 -> 0
E56: =D56*C56 -> 0
E57: =D57*C57 -> 0 | F57: =SUM(E57:E62) -> 0 | H57: =(G57-F57)/F57*100 -> #DIV/0!
E58: =D58*C58 -> 0
E59: =D59*C59 -> 0
E60: =D60*C60 -> 0
E61: =D61*C61 -> 0
E62: =D62*C62 -> 0
E63: =D63*C63 -> 0
E64: =D64*C64 -> 0
E65: =D65*C65 -> 0
E66: =D66*C66 -> 0
E67: =D67*C67 -> 0
E68: =D68*C68 -> 0
E69: =D69*C69 -> 0
... E75: =D75*C75 -> 0

Sheet 25 ЦУНАМИ
A1: Наименование | B1: Состав | C1: объем | D1: ст. литра | E1: сс | F1: сс позиции | G1: Цена | H1: НАЦЕНКА
A2: Godzilla | B2: Ром 40 | C2: 0.04 | D2: =#REF! -> #REF! | E2: =D2*C2 -> #REF! | F2: =SUM(E2:E8) -> #REF! | G2: 700 | H2: =(G2-F2)/F2*100 -> #REF!
B3: Блю Кюрасао 20 | C3: 0.02 | D3: =#REF! -> #REF! | E3: =D3*C3 -> #REF!
B4: Пюре маракуйя 20 | C4: 0.02 | D4: =#REF! -> #REF! | E4: =D4*C4 -> #REF!
B5: Лимонный фреш 20 | C5: 0.03 | D5: =#REF! -> #REF! | E5: =D5*C5 -> #REF!
B6: Белок 20 | C6: 0.02 | D6: =#REF! -> #REF! | E6: =D6*C6 -> #REF!
E7: =D7*C7 -> 0
E8: =D8*C8 -> 0
A9: Midnight boost | B9: Джин 40 | C9: 0.04 | D9: =#REF! -> #REF! | E9: =D9*C9 -> #REF! | F9: =SUM(E9:E14) -> #REF! | G9: 700 | H9: =(G9-F9)/F9*100 -> #REF!
B10: Ликер малины 20 | C10: 0.02 | D10: =#REF! -> #REF! | E10: =D10*C10 -> #REF!
B11: Гренадин 10 | C11: 0.01 | D11: 480 | E11: =D11*C11 -> 4.8
B12: Лимонный фреш 20 | C12: 0.03 | D12: =#REF! -> #REF! | E12: =D12*C12 -> #REF!
B13: Белок 20 | C13: 0.02 | D13: =#REF! -> #REF! | E13: =D13*C13 -> #REF!
B14: Украшение сублимированная Малина | C14: 0.002 | D14: =348/35*1000 -> 9942.8571 | E14: =D14*C14 -> 19.885714
A15: не будет | B15: Виски 40 | C15: 0.04 | D15: =#REF! -> #REF! | E15: =D15*C15 -> #REF! | F15: =SUM(E15:E20) -> #REF! | H15: =(G15-F15)/F15*100 -> #REF!
B16: Ликер дыня 20 | C16: 0.02 | D16: =#REF! -> #REF! | E16: =D16*C16 -> #REF!
B17: Сироп банан 10 | C17: 0.01 | D17: =#REF! -> #REF! | E17: =D17*C17 -> #REF!
B18: Лимон 30 | C18: 0.03 | D18: =#REF! -> #REF! | E18: =D18*C18 -> #REF!
B19: Сок яблоко 60 | C19: 0.06 | D19: =#REF! -> #REF! | E19: =D19*C19 -> #REF!
B20: Украшение банановые чипсы | C20: 0.02 | D20: 850 | E20: =D20*C20 -> 17
A21: Clutch kick | B21: Водка 40 | C21: 0.04 | D21: =#REF! -> #REF! | E21: =D21*C21 -> #REF! | F21: =SUM(E21:E26) -> #REF! | G21: 650 | H21: =(G21-F21)/F21*100 -> #REF!
B22: Ликер персик 20 | C22: 0.02 | D22: =#REF! -> #REF! | E22: =D22*C22 -> #REF!
B23: Сироп лайм 20 | C23: 0.02 | D23: =#REF! -> #REF! | E23: =D23*C23 -> #REF!
B24: Лимон 20 | C24: 0.02 | D24: =#REF! -> #REF! | E24: =D24*C24 -> #REF!
B25: Тоник 40 | C25: 0.04 | D25: =#REF! -> #REF! | E25: =D25*C25 -> #REF!
B26: Украшение слайс лайм | C26: 0.01 | D26: =#REF! -> #REF! | E26: =D26*C26 -> #REF!
A27: не будет | B27: Джин 40 | C27: 0.04 | D27: =#REF! -> #REF! | E27: =D27*C27 -> #REF! | F27: =SUM(E27:E32) -> #REF! | H27: =(G27-F27)/F27*100 -> #REF!
B28: Сироп огурец 20 | C28: 0.02 | D28: =#REF! -> #REF! | E28: =D28*C28 -> #REF!
B29: Лимонный фреш 30 | C29: 0.04 | D29: =#REF! -> #REF! | E29: =D29*C29 -> #REF!
B30: Содовая | C30: 0.2 | D30: 80 | E30: =D30*C30 -> 16
B31: Украшения слайс огурца | C31: 0.02 | D31: =#REF! -> #REF! | E31: =D31*C31 -> #REF!
E32: =D32*C32 -> 0
A33: Red rings | B33: Фиеро 40 | C33: 0.04 | D33: =#REF! -> #REF! | E33: =D33*C33 -> #REF! | F33: =SUM(E33:E38) -> #REF! | G33: 700 | H33: =(G33-F33)/F33*100 -> #REF!
B34: Ром 30 | C34: 0.03 | D34: =#REF! -> #REF! | E34: =D34*C34 -> #REF!
B35: Пюре малины 15 | C35: 0.015 | D35: =#REF! -> #REF! | E35: =D35*C35 -> #REF!
B36: Лимон 20 | C36: 0.02 | D36: =#REF! -> #REF! | E36: =D36*C36 -> #REF!
B37: Содовая | C37: 0.02 | D37: 80 | E37: =D37*C37 -> 1.6
B38: Украшение цветы | C38: 0 | D38: =558/190*1000 -> 2936.8421 | E38: =D38*C38 -> 0
A39: не будет | B39: Виски 30 | C39: 0.03 | D39: =#REF! -> #REF! | E39: =D39*C39 -> #REF! | F39: =SUM(E39:E44) -> #REF! | H39: =(G39-F39)/F39*100 -> #REF!
B40: Биттер 20 | C40: 0.02 | D40: =#REF! -> #REF! | E40: =D40*C40 -> #REF!
B41: Вермут Россо 20 | C41: 0.02 | D41: =#REF! -> #REF! | E41: =D41*C41 -> #REF!
B42: Кофейный 10 | C42: 0.01 | D42: =#REF! -> #REF! | E42: =D42*C42 -> #REF!
B43: Украшение апельсин( | C43: 0.01 | D43: =#REF! -> #REF! | E43: =D43*C43 -> #REF!
E44: =D44*C44 -> 0
A45: Oversteer | B45: Мартини extra dry 30 | C45: 0.03 | D45: =#REF! -> #REF! | E45: =D45*C45 -> #REF! | F45: =SUM(E45:E50) -> #REF! | G45: 600 | H45: =(G45-F45)/F45*100 -> #REF!
B46: Аперетиво 30 | C46: 0.03 | D46: =#REF! -> #REF! | E46: =D46*C46 -> #REF!
B47: Сок Грейпфрут 30 | C47: 0.03 | D47: =#REF! -> #REF! | E47: =D47*C47 -> #REF!
B48: Содовая 10мл | C48: 0.1 | D48: 80 | E48: =D48*C48 -> 8
B49: Украшение Слайс Грейпа | C49: 0.03 | D49: =#REF! -> #REF! | E49: =D49*C49 -> #REF!
E50: =D50*C50 -> 0
A51: не будет | B51: Лимон 30 | C51: 0.03 | D51: =#REF! -> #REF! | E51: =D51*C51 -> #REF! | F51: =SUM(E51:E56) -> #REF! | H51: =(G51-F51)/F51*100 -> #REF!
B52: Пюре маракуйя 20 | C52: 0.02 | D52: =#REF! -> #REF! | E52: =D52*C52 -> #REF!
B53: Сок апельсин 40 | C53: 0.04 | D53: =#REF! -> #REF! | E53: =D53*C53 -> #REF!
B54: Содовая | C54: 0.2 | D54: 80 | E54: =D54*C54 -> 16
B55: Украшение апельсин | C55: 0.03 | D55: 300 | E55: =D55*C55 -> 9
E56: =D56*C56 -> 0
A57: не будет | B57: Клавис груша жасмин виноград 40 | C57: 0.04 | D57: =#REF! -> #REF! | E57: =D57*C57 -> #REF! | F57: =SUM(E57:E62) -> #REF! | H57: =(G57-F57)/F57*100 -> #REF!
B58: Сироп ваниль 10 | C58: 0.01 | D58: =#REF! -> #REF! | E58: =D58*C58 -> #REF!
B59: Лимон 20 | C59: 0.02 | D59: =#REF! -> #REF! | E59: =D59*C59 -> #REF!
B60: Содовая | C60: 0.2 | D60: 80 | E60: =D60*C60 -> 16
B61: Украшение цветы | C61: 0.01 | D61: =558/190*1000 -> 2936.8421 | E61: =D61*C61 -> 29.368421
E62: =D62*C62 -> 0
A63: No Grip | B63: Водка - 40 | C63: 0.04 | D63: =#REF! -> #REF! | E63: =D63*C63 -> #REF! | F63: =SUM(E63:E68) -> #REF! | G63: 1000 | H63: =(G63-F63)/F63*100 -> #REF!
B64: Ликер яблоко 40 | C64: 0.04 | D64: =#REF! -> #REF! | E64: =D64*C64 -> #REF!
B65: Сок лайма 40 | C65: 0.04 | D65: =#REF! -> #REF! | E65: =D65*C65 -> #REF!
B66: Сок лимона 40 | C66: 0.04 | D66: =#REF! -> #REF! | E66: =D66*C66 -> #REF!
E67: =D67*C67 -> 0
E68: =D68*C68 -> 0
A69: Midnight | B69: Ром 60 | C69: 0.06 | D69: =#REF! -> #REF! | E69: =D69*C69 -> #REF! | F69: =SUM(E69:E74) -> #REF! | G69: 1000 | H69: =(G69-F69)/F69*100 -> #REF!
B70: Ликер кокос 30 | C70: 0.03 | D70: =#REF! -> #REF! | E70: =D70*C70 -> #REF!
B71: Лимон 30 | C71: 0.03 | D71: =#REF! -> #REF! | E71: =D71*C71 -> #REF!
B72: Блю Кюрасао сироп 40 | C72: 0.04 | D72: =#REF! -> #REF! | E72: =D72*C72 -> #REF!
E73: =D73*C73 -> 0
E74: =D74*C74 -> 0
E75: =D75*C75 -> 0

Sheet хэллоуин
A1: Наименование | B1: Состав | C1: объем | D1: ст. литра | E1: сс | F1: сс позиции | G1: Цена | H1: НАЦЕНКА
A2: Bloody mojito | B2: Ром 40 | C2: 0.04 | D2: =#REF! -> #REF! | E2: =D2*C2 -> #REF! | F2: =SUM(E2:E8) -> #REF! | G2: 750 | H2: =(G2-F2)/F2*100 -> #REF!
B3: Пюре мохито 30 | C3: 0.03 | D3: =#REF! -> #REF! | E3: =D3*C3 -> #REF!
B4: Лимонный 20 | C4: 0.02 | D4: =#REF! -> #REF! | E4: =D4*C4 -> #REF!
B5: Гренадин 20 | C5: 0.02 | D5: =#REF! -> #REF! | E5: =D5*C5 -> #REF!
B6: Сода 20 | C6: 0.02 | D6: 80 | E6: =D6*C6 -> 1.6
B7: Украшение глаза | C7: 1
E8: =D8*C8 -> 0
A9: Pink horror | B9: Водка 40 | C9: 0.04 | D9: =#REF! -> #REF! | E9: =D9*C9 -> #REF! | F9: =SUM(E9:E14) -> #REF! | G9: 750 | H9: =(G9-F9)/F9*100 -> #REF!
B10: Кокосовый ликер 20 | C10: 0.02 | D10: =#REF! -> #REF! | E10: =D10*C10 -> #REF!
B11: Гренадин 20 | C11: 0.02 | D11: =#REF! -> #REF! | E11: =D11*C11 -> #REF!
B12: Ананасовый сок 40 | C12: 0.04 | D12: =#REF! -> #REF! | E12: =D12*C12 -> #REF!
B13: Сливки 20 | C13: 0.02 | D13: =#REF! -> #REF! | E13: =D13*C13 -> #REF!
B14: Украшение печенье ( | C14: 1 | D14: =213/20 -> 10.65 | E14: =D14*C14 -> 10.65
A15: Human Smoothie | B15: Текила 40 | C15: 0.04 | D15: 2200 | E15: =D15*C15 -> 88 | F15: =SUM(E15:E21) -> #REF! | G15: 750 | H15: =(G15-F15)/F15*100 -> #REF!
B16: Сироп огурец 20 | C16: 0.02 | D16: =#REF! -> #REF! | E16: =D16*C16 -> #REF!
B17: Лимон 20 | C17: 0.02 | D17: =#REF! -> #REF! | E17: =D17*C17 -> #REF!
B18: Сок томат+апельсин 60 | C18: 0.06 | D18: =#REF! -> #REF! | E18: =D18*C18 -> #REF!
B19: Соль/перец | C19: 0.001 | D19: 100 | E19: =D19*C19 -> 0.1
B20: тобаско + вочестер | C20: 0.001 | D20: 1000 | E20: =D20*C20 -> 1
B21: Украшение мозги | C21: 0.03 | E21: =D21*C21 -> 0
A22: Green gremlin | B22: Абсент 40 | C22: 0.04 | D22: =#REF! -> #REF! | E22: =D22*C22 -> #REF! | F22: =SUM(E22:E27) -> #REF! | G22: 1100 | H22: =(G22-F22)/F22*100 -> #REF!
B23: Мартини экстра драй 40 | C23: 0.04 | D23: =#REF! -> #REF! | E23: =D23*C23 -> #REF!
B24: Кокосовый сироп 40 | C24: 0.04 | D24: 350 | E24: =D24*C24 -> 14
B25: Лимонный 40 | C25: 0.04 | D25: =#REF! -> #REF! | E25: =D25*C25 -> #REF!
E26: =D26*C26 -> 0
E27: =D27*C27 -> 0
A28: Zombie brain | B28: Водка - 50 | C28: 0.05 | D28: =#REF! -> #REF! | E28: =D28*C28 -> #REF! | F28: =SUM(E28:E33) -> #REF! | G28: 1100 | H28: =(G28-F28)/F28*100 -> #REF!
B29: ликер Бузина 40 | C29: 0.04 | D29: =#REF! -> #REF! | E29: =D29*C29 -> #REF!
B30: Гренадин 10 | C30: 0.01 | D30: =#REF! -> #REF! | E30: =D30*C30 -> #REF!
B31: Лимон 20 | C31: 0.02 | D31: =#REF! -> #REF! | E31: =D31*C31 -> #REF!
B32: Украшение мозги | C32: 0.03 | E32: =D32*C32 -> 0
E33: =D33*C33 -> 0
E34: =D34*C34 -> 0 | F34: =SUM(E34:E39) -> 0 | H34: =(G34-F34)/F34*100 -> #DIV/0!
E35: =D35*C35 -> 0
E36: =D36*C36 -> 0
E37: =D37*C37 -> 0
E38: =D38*C38 -> 0
E39: =D39*C39 -> 0
E40: =D40*C40 -> 0 | F40: =SUM(E40:E45) -> 0 | G40: 600 | H40: =(G40-F40)/F40*100 -> #DIV/0!
E41: =D41*C41 -> 0
E42: =D42*C42 -> 0
E43: =D43*C43 -> 0
E44: =D44*C44 -> 0
E45: =D45*C45 -> 0
E46: =D46*C46 -> 0 | F46: =SUM(E46:E51) -> 0 | H46: =(G46-F46)/F46*100 -> #DIV/0!
E47: =D47*C47 -> 0
E48: =D48*C48 -> 0
E49: =D49*C49 -> 0
E50: =D50*C50 -> 0
E51: =D51*C51 -> 0
E52: =D52*C52 -> 0 | F52: =SUM(E52:E57) -> 0 | H52: =(G52-F52)/F52*100 -> #DIV/0!
E53: =D53*C53 -> 0
E54: =D54*C54 -> 0
E55: =D55*C55 -> 0
E56: =D56*C56 -> 0
E57: =D57*C57 -> 0
E58: =D58*C58 -> 0 | F58: =SUM(E58:E63) -> 0 | G58: 1000 | H58: =(G58-F58)/F58*100 -> #DIV/0!
E59: =D59*C59 -> 0
E60: =D60*C60 -> 0
E61: =D61*C61 -> 0
E62: =D62*C62 -> 0
E63: =D63*C63 -> 0
E64: =D64*C64 -> 0 | F64: =SUM(E64:E69) -> 0 | G64: 1000 | H64: =(G64-F64)/F64*100 -> #DIV/0!
E65: =D65*C65 -> 0
E66: =D66*C66 -> 0
E67: =D67*C67 -> 0
E68: =D68*C68 -> 0
E69: =D69*C69 -> 0
E70: =D70*C70 -> 0

Sheet цирк 11.25
A1: Наименование | B1: Состав | C1: Цена
A2: КОКТЕЙЛИ
A3: Circus of Clouds 300 ML | B3: Vodka | C3: 650
B4: Soju grape
B5: Lemon fresh
B6: Sakura syrup
B7: Tonic
A10: Circus of Cream 300 ML | B10: Niva distillery cream | C10: 750
B11: Rum
B12: Peach syrup
B13: Lemon fresh
B14: Pineapple juice
A16: Circus long 300 ML | B16: Vodka | C16: 850
B17: Gin
B18: Tequila
B19: Niva distillery Blue Curaçao
B20: Cherry syrup
B21: Lemon fresh
B22: Sprite
A23: сеты шотов 4х40 ml
A24: Blue Trick | B24: Vodka | C24: 1100
B25: Niva distillery
B26: Lemon fresh
B27: Blueberry syrup
A30: Spicy Clown | B30: Rum | C30: 1100
B31: Niva distillery apple
B32: Spicy mango syrup
B33: Lemon fresh
C42: 1000
C48: 1000

Sheet 7.01.25
A1: Наименование | B1: Состав | C1: объем | D1: ст. литра | E1: сс | F1: сс позиции | G1: Цена | H1: НАЦЕНКА
A2: Red carpet ,300ml | B2: Niva Distillery Liquor peach 0,03 | C2: 30 | D2: =#REF! -> #REF! | E2: =D2/1000*C2 -> #REF! | F2: =SUM(E2:E7) -> #REF! | G2: 700 | H2: =(G2-F2)/F2*100 -> #REF!
B3: Apple juice 0,02 | C3: 20 | D3: =#REF! -> #REF! | E3: =D3/1000*C3 -> #REF!
B4: Sparkling wine 0,1 | C4: 100 | D4: =#REF! -> #REF! | E4: =D4/1000*C4 -> #REF!
B5: Raspberry puree 0,03 | C5: 30 | D5: =#REF! -> #REF! | E5: =D5/1000*C5 -> #REF!
B6: Lemon fresh 0,02 | C6: 40 | D6: 250 | E6: =D6/1000*C6 -> 10
B7: Orange 0,015 | C7: 15 | D7: 250 | E7: =D7/1000*C7 -> 3.75
A8: Hollywood ,300ml | B8: Gin Royal Raven Dry 0,04 | C8: 40 | D8: =#REF! -> #REF! | E8: =D8/1000*C8 -> #REF! | F8: =SUM(E8:E12) -> #REF! | G8: 600 | H8: =(G8-F8)/F8*100 -> #REF!
B9: Niva Distillery Liquor Elderflower 0,03 | C9: 30 | D9: =#REF! -> #REF! | E9: =D9/1000*C9 -> #REF!
B10: Apple juice 0,1 | C10: 100 | D10: =#REF! -> #REF! | E10: =D10/1000*C10 -> #REF!
B11: Lemon fresh 0,015 | C11: 30 | D11: 250 | E11: =D11/1000*C11 -> 7.5
B12: Lemon 0,015 | C12: 15 | D12: 250 | E12: =D12/1000*C12 -> 3.75
A13: Marilyn Monroe, 150ml | B13: Gin Royal Raven Dry 0,03 | C13: 30 | D13: =#REF! -> #REF! | E13: =D13/1000*C13 -> #REF! | F13: =SUM(E13:E18) -> #REF! | G13: 900 | H13: =(G13-F13)/F13*100 -> #REF!
B14: Niva Distillery Liquor peach 0,02 | C14: 20 | D14: =#REF! -> #REF! | E14: =D14/1000*C14 -> #REF!
B15: Martini bianco 0,02 | C15: 30 | D15: =#REF! -> #REF! | E15: =D15/1000*C15 -> #REF!
B16: Lemon fresh 0,015 | C16: 30 | D16: 250 | E16: =D16/1000*C16 -> 7.5
B17: Cordial Clavis yuzu/bamboo/lemongrass 0,03 | C17: 30 | D17: =#REF! -> #REF! | E17: =D17/1000*C17 -> #REF!
B18: Kafir lime 0,005 | C18: 5 | D18: 4280 | E18: =D18/1000*C18 -> 21.4
A20: Set shots 4х40ml
A21: Oscar | B21: Niva Distillery Aperitivo 0,04 | C21: 40 | D21: =#REF! -> #REF! | E21: =D21/1000*C21 -> #REF! | F21: =SUM(E21:E24) -> #REF! | G21: 1000 | H21: =(G21-F21)/F21*100 -> #REF!
B22: Rum Diablo Negro Caribbean 0,04 | C22: 40 | D22: =#REF! -> #REF! | E22: =D22/1000*C22 -> #REF!
B23: Lemon fresh 0,04 | C23: 80 | D23: 250 | E23: =D23/1000*C23 -> 20
B24: Syrup honey 0,04 | C24: 40 | D24: =#REF! -> #REF! | E24: =D24/1000*C24 -> #REF!

Sheet кальмар
A1: Наименование | B1: Состав | C1: объем | D1: ст. литра | E1: сс | F1: сс позиции | G1: Цена | H1: НАЦЕНКА
A2: Red light,180ml | B2: Gin Royal Raven Dry 0,02 | C2: 20 | D2: =#REF! -> #REF! | E2: =D2/1000*C2 -> #REF! | F2: =SUM(E2:E7) -> #REF! | G2: 650 | H2: =(G2-F2)/F2*100 -> #REF!
B3: Cordial cherry/shiso 0,025 | C3: 25 | D3: =#REF! -> #REF! | E3: =D3/1000*C3 -> #REF!
B4: Niva Distillery Aperitivo 0,02 | C4: 20 | D4: =#REF! -> #REF! | E4: =D4/1000*C4 -> #REF!
B5: Soju plum 0,03 | C5: 30 | D5: =#REF! -> #REF! | E5: =D5/1000*C5 -> #REF!
E6: =D6/1000*C6 -> 0
A7: Green light, 300ml | B7: Gin Royal Raven Dry 0,03 | C7: 30 | D7: =#REF! -> #REF! | E7: =D7/1000*C7 -> #REF!
B8: Soju grape - aloe 0,04 | C8: 40 | D8: =#REF! -> #REF! | E8: =D8/1000*C8 -> #REF! | F8: =SUM(E8:E12) -> #REF! | G8: 650 | H8: =(G8-F8)/F8*100 -> #REF!
B9: Niva Distillery Liquor lychee 0,02 | C9: 20 | D9: =#REF! -> #REF! | E9: =D9/1000*C9 -> #REF!
B10: Lemon fresh 0,015 | C10: 30 | D10: 250 | E10: =D10/1000*C10 -> 7.5
B11: Seven up 0,1 | C11: 100 | D11: =#REF! -> #REF! | E11: =D11/1000*C11 -> #REF!
B12: Lemon 0,015 | C12: 15 | D12: 250 | E12: =D12/1000*C12 -> 3.75
A13: The squid game, 300ml | B13: Soju peach 0,03 | C13: 30 | D13: =#REF! -> #REF! | E13: =D13/1000*C13 -> #REF! | F13: =SUM(E13:E18) -> #REF! | G13: 650 | H13: =(G13-F13)/F13*100 -> #REF!
B14: Niva Distillery Liquor triple sec 0,04 | C14: 40 | D14: =#REF! -> #REF! | E14: =D14/1000*C14 -> #REF!
B15: Syrup honey 0,02 | C15: 20 | D15: =#REF! -> #REF! | E15: =D15/1000*C15 -> #REF!
B16: Lemon fresh 0,01 | C16: 20 | D16: 250 | E16: =D16/1000*C16 -> 5
B17: Pineapple juice 0,1 | C17: 100 | D17: =#REF! -> #REF! | E17: =D17/1000*C17 -> #REF!
B18: Orange 0,015 | C18: 15 | D18: 250 | E18: =D18/1000*C18 -> 3.75
A20: Set shots 4х40ml
A21: Last level | B21: Vodka Хаски 0,08 | C21: 80 | D21: =#REF! -> #REF! | E21: =D21/1000*C21 -> #REF! | F21: =SUM(E21:E23) -> #REF! | G21: 1000 | H21: =(G21-F21)/F21*100 -> #REF!
B22: Lemon fresh 0,04 | C22: 80 | D22: 250 | E22: =D22/1000*C22 -> 20
B23: Syrup bubble gum 0,04 | C23: 40 | D23: =#REF! -> #REF! | E23: =D23/1000*C23 -> #REF!

Sheet кухня 22.10
D1: сс кг | E1: сс шт | F1: сс позиции | G1: цена | H1: наценка
A2: Соус барбекю п/ф 1 кг | B2: Соус Деми Глас 60гр | C2: 0.06 | D2: 1594.97 | E2: =D2*C2 -> 95.6982 | F2: =SUM(E2:E5) -> 162.4973
B3: Жидкий дым 20 гр | C3: 0.02 | D3: 257.58 | E3: =D3*C3 -> 5.1516
B4: Кетчуп 350 гр. | C4: 0.35 | D4: 166.45 | E4: =D4*C4 -> 58.2575
B5: Чеснок 10 гр | C5: 0.01 | D5: 339 | E5: =D5*C5 -> 3.39
A7: Сердечки куриные п/ф 1 кг | B7: Сердечки куриные 950 гр | C7: 0.95 | D7: =544.16/1.79 -> 304 | E7: =D7*C7 -> 288.8 | F7: =SUM(E7:E12) -> 358.4238
B8: Соус устричный 50 гр | C8: 0.05 | D8: 245.42 | E8: =D8*C8 -> 12.271
B9: Масло кунжутное 10 гр | C9: 0.01 | D9: 670 | E9: =D9*C9 -> 6.7
B10: Кинза 40 гр | C10: 0.04 | D10: 1176.07 | E10: =D10*C10 -> 47.0428
B11: Чеснок 10 гр | C11: 0.01 | D11: 339 | E11: =D11*C11 -> 3.39
B12: Соль 5 гр | C12: 0.005 | D12: 44 | E12: =D12*C12 -> 0.22
A14: Шашлык из свинины п/ф 1 кг | B14: Шея свин. 850 гр. | C14: 0.85 | D14: 497 | E14: =D14*C14 -> 422.45 | F14: =SUM(E14:E18) -> 437.3902
B15: Лук репчатый 100 гр. | C15: 0.1 | D15: 53 | E15: =D15*C15 -> 5.3
B16: Томатная паста 30 гр | C16: 0.03 | D16: 210.94 | E16: =D16*C16 -> 6.3282
B17: Горчица русская 10 гр. | C17: 0.01 | D17: 222.2 | E17: =D17*C17 -> 2.222
B18: Масло рост 10 гр | C18: 0.01 | D18: 109 | E18: =D18*C18 -> 1.09
A20: Рёбра свиные п/ф: 1 кг | B20: Рёбра свиные 900гр | C20: 0.9 | D20: =612/1.7 -> 360 | E20: =D20*C20 -> 324 | F20: =SUM(E20:E25) -> 346.656
B21: Паста томатная 50 гр. | C21: 0.05 | D21: 210.94 | E21: =D21*C21 -> 10.547
B22: Горчица французская 20гр | C22: 0.02 | D22: 345 | E22: =D22*C22 -> 6.9
B23: Горчица русская 20 гр | C23: 0.02 | D23: 222.2 | E23: =D23*C23 -> 4.444
B24: Масло рост 5 гр | C24: 0.005 | D24: 109 | E24: =D24*C24 -> 0.545
B25: Соль 5 гр | C25: 0.005 | D25: 44 | E25: =D25*C25 -> 0.22
A27: Шашлык куриный п/ф 1 кг | B27: Кура бедро феле 800гр | C27: 0.8 | D27: =3519.2/10.6 -> 332 | E27: =D27*C27 -> 265.6 | F27: =SUM(E27:E30) -> 298.155
B28: Лук репчатый 150 гр | C28: 0.15 | D28: 53 | E28: =D28*C28 -> 7.95
B29: Паста Карри 30 гр | C29: 0.03 | D29: =299/400*1000 -> 747.5 | E29: =D29*C29 -> 22.425
B30: Масло рост 20гр | C30: 0.02 | D30: 109 | E30: =D30*C30 -> 2.18
A32: Коу Слоу п/ф 1 кг | B32: Капуста б/к 400гр | C32: 0.4 | D32: 77 | E32: =D32*C32 -> 30.8 | F32: =SUM(E32:E35) -> 133.598
B33: Капуста краснокачанная 300гр | C33: 0.3 | D33: 185 | E33: =D33*C33 -> 55.5
B34: Морковь 150 | C34: 0.15 | D34: 105 | E34: =D34*C34 -> 15.75
B35: Майонез 150 | C35: 0.15 | D35: 210.32 | E35: =D35*C35 -> 31.548
A37: Фокача с песто 1 шт 260гр | B37: Тесто на пиццу 220 гр | C37: 0.22 | D37: 57.18 | E37: =D37*C37 -> 12.5796 | F37: =SUM(E37:E40) -> 94.25215
B38: Соус песто 30 гр | C38: 0.03 | D38: 1327.01 | E38: =D38*C38 -> 39.8103
B39: Пармезан 15 гр | C39: 0.015 | D39: 1565.15 | E39: =D39*C39 -> 23.47725
B40: Розмарин 5 гр | C40: 0.005 | D40: 3677 | E40: =D40*C40 -> 18.385
A42: Рёбра Адама 250/160/30 | B42: Рёбра свиные п/ф 360гр | C42: 0.36 | D42: 334.55 | E42: =D42*C42 -> 120.438 | F42: =SUM(E42:E51)+10 -> 174.67498 | G42: 800 | H42: =(G42-F42)/F42*100 -> 357.99347
B43: Картофель свежий 280гр | C43: 0.28 | D43: 78 | E43: =D43*C43 -> 21.84
B44: Соус барбекю п/ф 30гр | C44: 0.03 | D44: =F2 -> 162.4973 | E44: =D44*C44 -> 4.874919
B45: Чеснок 2 гр | C45: 0.002 | D45: 339 | E45: =D45*C45 -> 0.678
B46: Томатная паста 10 гр | C46: 0.01 | D46: 210.94 | E46: =D46*C46 -> 2.1094
B47: Горчица французская 5 гр | C47: 0.005 | D47: 345 | E47: =D47*C47 -> 1.725
B48: Масло рост 5 гр | C48: 0.005 | D48: 109 | E48: =D48*C48 -> 0.545
B49: Жидкий дым 2 гр | C49: 0.002 | D49: 257.58 | E49: =D49*C49 -> 0.51516
B50: Аджика 5 гр. | C50: 0.005 | D50: 394 | E50: =D50*C50 -> 1.97
B51: Соус горчичный 30гр | C51: 0.03 | D51: 332.65 | E51: =D51*C51 -> 9.9795
A53: Пицца "Сытная" 440гр | B53: Тесто на пиццу 220 гр | C53: 0.22 | D53: 57.18 | E53: =D53*C53 -> 12.5796 | F53: =SUM(E53:E62)+10 -> 221.61171 | G53: 950 | H53: =(G53-F53)/F53*100 -> 328.67771
B54: Сыр моцарелла 90 гр | C54: 0.09 | D54: 530.68 | E54: =D54*C54 -> 47.7612
B55: Сыр гауда 20 гр | C55: 0.02 | D55: 919.32 | E55: =D55*C55 -> 18.3864
B56: Соус барбекю 50 гр | C56: 0.05 | D56: =F14 -> 437.3902 | E56: =D56*C56 -> 21.86951
B57: Буженина п/ф 40 гр | C57: 0.04 | D57: 1348.32 | E57: =D57*C57 -> 53.9328
B58: Корнишоны 20 гр | C58: 0.02 | D58: 402.45 | E58: =D58*C58 -> 8.049
B59: Кура феле п/ф 30 гр | C59: 0.03 | D59: 445.98 | E59: =D59*C59 -> 13.3794
B60: Бекон 30 гр | C60: 0.03 | D60: 597.2 | E60: =D60*C60 -> 17.916
B61: Пеперони 20 гр | C61: 0.02 | D61: 756.89 | E61: =D61*C61 -> 15.1378
B62: Лук красный 20 гр | C62: 0.02 | D62: 130 | E62: =D62*C62 -> 2.6
A64: Пицца "Груша Дор Блю" 430гр | B64: Тесто на пиццу 220 гр | C64: 0.22 | D64: 57.18 | E64: =D64*C64 -> 12.5796 | F64: =SUM(E64:E71)+10 -> 234.5232 | G64: 950 | H64: =(G64-F64)/F64*100 -> 305.07719
B65: Сливки 22% 30гр | C65: 0.03 | D65: 434.2 | E65: =D65*C65 -> 13.026
B66: Сыр моцарелла 90 гр | C66: 0.09 | D66: 530.68 | E66: =D66*C66 -> 47.7612
B67: Сыр гауда 20 гр | C67: 0.02 | D67: 919.32 | E67: =D67*C67 -> 18.3864
B68: Груша конферец 150 гр | C68: 0.15 | D68: 418 | E68: =D68*C68 -> 62.7
B69: Сыр Мон Блю 30гр | C69: 0.03 | D69: =126.1*10 -> 1261 | E69: =D69*C69 -> 37.83
B70: Мёд 10гр | C70: 0.01 | D70: 341 | E70: =D70*C70 -> 3.41
B71: Миндаль слайс 10гр | C71: 0.01 | D71: 2883 | E71: =D71*C71 -> 28.83
A73: Пицца: "прошуто фунги" 390гр | B73: Тесто на пиццу 220 гр | C73: 0.22 | D73: 57.18 | E73: =D73*C73 -> 12.5796 | F73: =SUM(E73:E79)+10 -> 140.2297 | G73: 700 | H73: =(G73-F73)/F73*100 -> 399.18099
B74: Соус пицца 50 гр | C74: 0.05 | D74: 314.07 | E74: =D74*C74 -> 15.7035
B75: Сыр моцарелла 90 гр | C75: 0.09 | D75: 530.68 | E75: =D75*C75 -> 47.7612
B76: Сыр гауда 20 гр | C76: 0.02 | D76: 919.32 | E76: =D76*C76 -> 18.3864
B77: Окорок тамбовский 40 гр | C77: 0.04 | D77: 666 | E77: =D77*C77 -> 26.64
B78: Шампиньоны свежие 20 гр | C78: 0.02 | D78: 323 | E78: =D78*C78 -> 6.46
B79: Орегано специя 1 гр | C79: 0.001 | D79: =26.99/10*1000 -> 2699 | E79: =D79*C79 -> 2.699
A81: Мясной сэт 1,1 кг | B81: Шашлык из курицы 160гр. | C81: 0.16 | D81: =F27 -> 298.155 | E81: =D81*C81 -> 47.7048 | F81: =SUM(E81:E91)+10 -> 459.60684 | G81: 3000 | H81: =(G81-F81)/F81*100 -> 552.7318
B82: Шашлык из свинины 200гр | C82: 0.2 | D82: =F14 -> 437.3902 | E82: =D82*C82 -> 87.47804
B83: Шашлык из куриных сердечек 160 гр. | C83: 0.16 | D83: =F7 -> 358.4238 | E83: =D83*C83 -> 57.347808
B84: Колбаски гриль из свинины с сыром 160гр | C84: 0.16 | D84: 518.4 | E84: =D84*C84 -> 82.944
B85: Салат Коу - Слоу 80 гр | C85: 0.08 | D85: =F32 -> 133.598 | E85: =D85*C85 -> 10.68784
B86: Картофель фри 150 гр | C86: 0.15 | D86: =25.5/150*1000 -> 170 | E86: =D86*C86 -> 25.5
B87: Соус сальса томатная 50 гр. | C87: 0.05 | D87: 313.52 | E87: =D87*C87 -> 15.676
B88: Соус фрэнч пф 50 гр. | C88: 0.05 | D88: 192.71 | E88: =D88*C88 -> 9.6355
B89: Перец хлапенью 20 гр. | C89: 0.02 | D89: 331 | E89: =D89*C89 -> 6.62
B90: Микс зелени 10 гр | C90: 0.01 | D90: 1176.07 | E90: =D90*C90 -> 11.7607
B91: Фокача с песто и розмарином 240 гр | C91: 0.24 | E91: =F37 -> 94.25215
C92: 0.16 | D92: =F20 -> 346.656 | E92: =D92*C92 -> 55.46496

Sheet вся кухня 05.11
A1: КУХНЯ | B1: цена | C1: сс | D1: наценка в %
A2: В СТОЛ
A3: Пивной сет (куриные крылья, сырные палочки, гренки, луковые кольца, подается с тремя соусами), 400 гр. | B3: 1700 | C3: 334.96 | D3: =(B3-C3)/C3*100 -> 407.52329
A4: Мясное плато (буженина, куриное филе, карбонад, пепперони, помидоры черри, зелень, горчица и хрен), 120 / 180 / 60 гр. | B4: 1900 | C4: 292.22 | D4: =(B4-C4)/C4*100 -> 550.19506
A5: Сырное плато (гауда, дорблю, чечил, пармезан, эмменталь, виноград, мёд, крекеры, грецкие орехи, горчица), 260 / 110 гр. | B5: 1900 | C5: 276.53 | D5: =(B5-C5)/C5*100 -> 587.08639
A6: Фруктовое ассорти (сладкая груша, апельсин, виноград, яблоко, банан), 450 гр. | B6: 1200 | C6: 210.92 | D6: =(B6-C6)/C6*100 -> 468.93609
A7: Мясной сет (шашлык куриный, шашлык свиной, шашлык из куриных сердечек, колбаски гриль из свинины с сыром, салат коул-слоу, картофель фри, соуса сальса и френч, перец халапеньо, микс зелени, фокача с песто и розмарином) 1100 гр | B7: 2800 | C7: ='кухня 22.10'!F81 -> 459.60684 | D7: =(B7-C7)/C7*100 -> 509.21635
A9: ЗАКУСКИ
A10: Брускетты с томатами и моцареллой, 3 шт., 280 гр. | B10: 750 | C10: 129.19 | D10: =(B10-C10)/C10*100 -> 480.54029
A11: Брускетты четыре сыра, 3 шт., 280 гр. | B11: 750 | C11: 163.57 | D11: =(B11-C11)/C11*100 -> 358.51929
A12: Брускетты с сыровяленой куриной грудкой 3шт, 250 гр | B12: 750 | C12: 150.24 | D12: =(B12-C12)/C12*100 -> 399.20128
A13: Чесночные ржаные гренки с соусом Блю чиз, 170/30 гр | B13: 350 | C13: 56.77 | D13: =(B13-C13)/C13*100 -> 516.52281
A14: Картофель фри c кетчупом, 150 / 30 гр. | B14: 200 | C14: 37.58 | D14: =(B14-C14)/C14*100 -> 432.19798
A15: Начос с 3-мя соусами, 150 / 90 гр. | B15: 350 | C15: 91.24 | D15: =(B15-C15)/C15*100 -> 283.60368
A16: Жареный сыр с брусничным соусом, 150 / 30 гр. | B16: 800 | C16: 189.55 | D16: =(B16-C16)/C16*100 -> 322.05223
A17: Крылья куриные с томатной сальсой , 250/50 гр. | B17: 600 | C17: 101.57 | D17: =(B17-C17)/C17*100 -> 490.72561
A18: Ребра Адама (ребра свиные, картофель, с-с барбекю, чеснок, томатная паста, горчица фр, жидкий дым, аджика, горчичный соус) 250/160/30 гр. | B18: 800 | C18: ='кухня 22.10'!F42 -> 174.67498 | D18: =(B18-C18)/C18*100 -> 357.99347
A20: САЛАТЫ
A21: Салат "Греческий" (микс салата, огурец, томаты, болгарский перец, маслины, красный лук и греческая заправка, абхазский домашний сыр ), 260 гр. | B21: 600 | C21: 144.49 | D21: =(B21-C21)/C21*100 -> 315.25365
A22: Салат "Цезарь" (микс салата, куриное филе, томаты черри, пармезан, чесночные крутоны, соус из анчоусов), 260 гр. | B22: 750 | C22: 182.62 | D22: =(B22-C22)/C22*100 -> 310.68886
A23: Салат хрустящий баклажан с цыпленком ,200 гр. | B23: 450 | C23: 102.99 | D23: =(B23-C23)/C23*100 -> 336.93562
A25: СУПЫ
A26: Куриный суп с лапшой (куриный бульон с перепелиным яйцом, куриной грудкой и лапшой), 300 гр. | B26: 350 | C26: 64.96 | D26: =(B26-C26)/C26*100 -> 438.7931
A28: СТРИТФУД
A29: Клаб Сэндвич (обжаренный тостовый хлеб с куриным филе, сыром и свежими овощами, подаётся с картофелем фри и кетчупом), 210 / 100 / 30 гр. | B29: 650 | C29: 138.69 | D29: =(B29-C29)/C29*100 -> 368.67114
A30: Big Boos бургер на двоих ( бекон, говяжья котлета, салат, сыр, мармеладный лук, фирменный соус) 550 гр. | B30: 1000 | C30: 243.44 | D30: =(B30-C30)/C30*100 -> 310.77884
A31: Стрипсы куриные с кисло-сладким соусом ,120/30 гр. | B31: 500 | C31: 62.23 | D31: =(B31-C31)/C31*100 -> 703.47099
A32: Фирменный Hot Dog ( ход дог , халапеньо, маринованными огурцами, горчицей) 250 гр. | B32: 450 | C32: 85.38 | D32: =(B32-C32)/C32*100 -> 427.05552
A33: ФИШ – ЭНД –ЧИПС( хрустящее рыбное филе , жаренное во фритюре с картофелем фри с соусом тар- тар) 120/100/30 гр. | B33: 650 | C33: 154.69 | D33: =(B33-C33)/C33*100 -> 320.19523
A35: Горячие блюда
A36: Мясо по французски с помидорами ( картофель, мякоть свинины, сыр твердый, помидоры, лук, домашний майонез, оливковое масло, чеснок, соль, перец, пряности, зелень)300/100гр. | B36: 700 | C36: 165.1 | D36: =(B36-C36)/C36*100 -> 323.98546
A38: ПИЦЦА 30 СМ ( на тонком тесте)
A39: Маргарита (томатный соус, моцарелла, гауда), 350 гр. | B39: 800 | C39: 146.92 | D39: =(B39-C39)/C39*100 -> 444.51402
A40: Карбонара (бекон, куриное яйцо, моцарелла, гауда, томатный соус), 380 гр. | B40: 950 | C40: 209.76 | D40: =(B40-C40)/C40*100 -> 352.89855
A41: Курица Песто (моцарелла, гауда, куриное филе, помидоры черри, томатный соус, песто), 380 гр. | B41: 900 | C41: 177.09 | D41: =(B41-C41)/C41*100 -> 408.21616
A42: Пепперони (моцарелла, гауда, томатный соус, пепперони), 380 гр. | B42: 700 | C42: 128.42 | D42: =(B42-C42)/C42*100 -> 445.08644
A43: Сытная (моцарелла, гауда, барбекю соус, буженина, куриное филе, бекон, пепперони, корнишоны, лук), 440 гр. | B43: 950 | C43: ='кухня 22.10'!F53 -> 221.61171 | D43: =(B43-C43)/C43*100 -> 328.67771
A44: Груша Дор Блю (моцарелла, гауда, мон блю, сливки, мед, миндаль), 430 гр. | B44: 950 | C44: ='кухня 22.10'!F64 -> 234.5232 | D44: =(B44-C44)/C44*100 -> 305.07719
A45: Прошутто Фунги (моцарелла, гауда, томатный соус, свинина, шампиньоны, орегано) 390 гр. | B45: 700 | C45: ='кухня 22.10'!F73 -> 140.2297 | D45: =(B45-C45)/C45*100 -> 399.18099
A46: Пицца на пышном тесте +150 руб | B46: 150 | C46: 15.38 | D46: =(B46-C46)/C46*100 -> 875.29259
A48: ПАСТА
A49: Карбонара (бекон, куриное яйцо, моцарелла, сливочный соус), 300 гр. | B49: 700 | C49: 143.09 | D49: =(B49-C49)/C49*100 -> 389.2026
A50: С курицей и грибами (куриное филе, шампиньоны, сливочный соус), 300 гр. | B50: 700 | C50: 136.69 | D50: =(B50-C50)/C50*100 -> 412.10769
A51: Аль помидоро 270 гр. | B51: 650 | C51: 93.83 | D51: =(B51-C51)/C51*100 -> 592.74219
A53: WOK
A54: С курицей, 300 гр. | B54: 600 | C54: 93.76 | D54: =(B54-C54)/C54*100 -> 539.93174
A55: Со свининой, 300 гр. | B55: 600 | C55: 114.95 | D55: =(B55-C55)/C55*100 -> 421.96607
A56: С овощами , 260 гр. | B56: 550 | C56: 84.85 | D56: =(B56-C56)/C56*100 -> 548.20271
A58: ДЕСЕРТЫ в ассортименте (Спрашивайте у официанта) | B58: 350 | C58: - | D58: =(B58-C58)/C58*100 -> #VALUE!

Sheet еда
A1: Название | B1: Состав | E1: сс | F1: сс позиции | G1: Цена | H1: НАЦЕНКА | I1: @dropdown
A3: Хот дог куриный | B3: Булочка х/д | C3: 1 | D3: =597/36 -> 16.583333 | E3: =597/36 -> 16.583333 | F3: =SUM(E3:E10) -> 83.465956 | G3: 350 | H3: =(G3-F3)/F3*100 -> 319.33264
B4: сосиска куриная | C4: 90 | D4: =457.25/955*1000 -> 478.79581 | E4: =D4/1000*C4 -> 43.091623
B5: соус горчичный | C5: 30 | D5: 275 | E5: =D5/1000*C5 -> 8.25
B6: кетчуп | C6: 20 | D6: 558 | E6: =D6/1000*C6 -> 11.16
B7: жареный лук | C7: 10 | D7: 438.1 | E7: =D7/1000*C7 -> 4.381
E8: =D8/1000*C8 -> 0
E9: =D9/1000*C9 -> 0
E10: =D10/1000*C10 -> 0
A11: Хот дог мармеладный сыр | B11: Булочка х/д | C11: 1 | D11: =597/36 -> 16.583333 | E11: =597/36 -> 16.583333 | F11: =SUM(E11:E18) -> 76.440096 | G11: 350 | H11: =(G11-F11)/F11*100 -> 357.87488
B12: сосиска с сыром | C12: 90 | D12: =581.26/1214*1000 -> 478.79736 | E12: =D12/1000*C12 -> 43.091763
B13: соус мармеладный лук | C13: 40 | D13: 213.7 | E13: =D13/1000*C13 -> 8.548
B14: соус фрэнч | C14: 20 | D14: 191.8 | E14: =D14/1000*C14 -> 3.836
B15: жареный лук | C15: 10 | D15: 438.1 | E15: =D15/1000*C15 -> 4.381
E16: =D16/1000*C16 -> 0
E17: =D17/1000*C17 -> 0
E18: =D18/1000*C18 -> 0
A19: Хот дог спайси | B19: Булочка х/д | C19: 1 | D19: =597/36 -> 16.583333 | E19: =597/36 -> 16.583333 | F19: =SUM(E19:E26) -> 83.302545 | G19: 350 | H19: =(G19-F19)/F19*100 -> 320.15523
B20: Сосиска домашнаяя | C20: 90 | D20: =533.38/1114*1000 -> 478.79713 | E20: =D20/1000*C20 -> 43.091741
B21: соус сладкий чили | C21: 20 | D21: 284.75 | E21: =D21/1000*C21 -> 5.695
B22: соус релиш | C22: 20 | D22: =305/850*1000 -> 358.82353 | E22: =D22/1000*C22 -> 7.1764706
B23: перец халопеньо | C23: 10 | D23: 637.5 | E23: =D23/1000*C23 -> 6.375
B24: жареный лук | C24: 10 | D24: 438.1 | E24: =D24/1000*C24 -> 4.381
E25: =D25/1000*C25 -> 0
E26: =D26/1000*C26 -> 0

Sheet вс 
D1: ст. литра | E1: сс | F1: сс позиции | G1: Цена | H1: НАЦЕНКА
A2: Run or die | B2: Vodka Хаски 0,04 | C2: 40 | D2: 494.45 | E2: =D2/1000*C2 -> 19.778 | F2: =SUM(E2:E7) -> 64.165 | H2: =(G2-F2)/F2*100 -> -100
B3: Liquor raspberry 0,02 | C3: 20 | D3: 1280 | E3: =D3/1000*C3 -> 25.6
B4: Syrup cherry 0,01 | C4: 10 | D4: 395 | E4: =D4/1000*C4 -> 3.95
B5: Lemon fresh 0,015 | C5: 15 | D5: 250 | E5: =D5/1000*C5 -> 3.75
B6: Tonic 0,1 | C6: 100 | D6: 73.37 | E6: =D6/1000*C6 -> 7.337
B7: Lemon 0,015 | C7: 15 | D7: 250 | E7: =D7/1000*C7 -> 3.75
E8: =D8/1000*C8 -> 0
A9: Hubby | B9: Gin 0,04 | C9: 40 | D9: 778.3 | E9: =D9/1000*C9 -> 31.132 | F9: =SUM(E9:E15) -> 105.732 | H9: =(G9-F9)/F9*100 -> -100
B10: Liquor melon 0,02 | C10: 20 | D10: 1280 | E10: =D10/1000*C10 -> 25.6
B11: Syrup 0,01 | C11: 10 | D11: 395 | E11: =D11/1000*C11 -> 3.95
B12: Passion fruit puree 0,02 | C12: 20 | D12: 900 | E12: =D12/1000*C12 -> 18
B13: Lemon fresh 0,02 | C13: 55 | D13: 250 | E13: =D13/1000*C13 -> 13.75
B14: Pineapple juice 0,1 | C14: 100 | D14: 133 | E14: =D14/1000*C14 -> 13.3
B15: Orange 0,015 | E15: =D15/1000*C15 -> 0
E16: =D16/1000*C16 -> 0
A17: Bumblebee | B17: Vodka Хаски 0,04 | C17: 40 | D17: 494.45 | E17: =D17/1000*C17 -> 19.778 | F17: =SUM(E17:E21) -> 91.34832 | H17: =(G17-F17)/F17*100 -> -100
B18: Liquor peach 0,02 | C18: 20 | D18: 1280 | E18: =D18/1000*C18 -> 25.6
B19: Passion fruit puree 0,02 | C19: 20 | D19: 900 | E19: =D19/1000*C19 -> 18
B20: Lemon fresh 0,015 | C20: 45 | D20: 250 | E20: =D20/1000*C20 -> 11.25
B21: Sparkling wine 0,06 | C21: 60 | D21: 278.672 | E21: =D21/1000*C21 -> 16.72032
B22: Orange 0,015 | E22: =D22/1000*C22 -> 0
E23: =D23/1000*C23 -> 0
A24: FWB | B24: Rum 0,04 | C24: 40 | D24: 823.82 | E24: =D24/1000*C24 -> 32.9528 | F24: =SUM(E24:E28) -> 87.2091 | H24: =(G24-F24)/F24*100 -> -100
B25: Martini Fiero 0,03 | C25: 30 | D25: 886.71 | E25: =D25/1000*C25 -> 26.6013
B26: Syrup almond 0,015 | C26: 15 | D26: 395 | E26: =D26/1000*C26 -> 5.925
B27: Lemon fresh 0,02 | C27: 55 | D27: 250 | E27: =D27/1000*C27 -> 13.75
B28: Pineapple juice 0,06 | C28: 60 | D28: 133 | E28: =D28/1000*C28 -> 7.98
B29: Orange 0,015 | E29: =D29/1000*C29 -> 0
E30: =D30/1000*C30 -> 0
A31: Sick day | B31: Rum 0,03 | C31: 30 | D31: 823.82 | E31: =D31/1000*C31 -> 24.7146 | F31: =SUM(E31:E37) -> 67.9454 | H31: =(G31-F31)/F31*100 -> -100
B32: Sambuca 0,01 | C32: 10 | D32: 1209.08 | E32: =D32/1000*C32 -> 12.0908
B33: Liquor advocate 0,01 | C33: 10 | D33: 1280 | E33: =D33/1000*C33 -> 12.8
B34: Syrup cherry 0,01 | C34: 10 | D34: 395 | E34: =D34/1000*C34 -> 3.95
B35: Orange juice 0,04 | C35: 40 | D35: 133 | E35: =D35/1000*C35 -> 5.32
B36: Pineapple juice 0,04 | C36: 40 | D36: 133 | E36: =D36/1000*C36 -> 5.32
B37: Orange 0,015 | C37: 15 | D37: 250 | E37: =D37/1000*C37 -> 3.75
E38: =D38/1000*C38 -> 0
A39: Horndog | B39: Whiskey William Lawson's 0,03 | C39: 30 | D39: 1547.94 | E39: =D39/1000*C39 -> 46.4382 | F39: =SUM(E39:E42) -> 87.4952 | H39: =(G39-F39)/F39*100 -> -100
B40: Liquor peach 0,02 | C40: 20 | D40: 1280 | E40: =D40/1000*C40 -> 25.6
B41: Syrup 0,015 | C41: 15 | D41: 395 | E41: =D41/1000*C41 -> 5.925
B42: Cream 0,04 | C42: 40 | D42: 238.3 | E42: =D42/1000*C42 -> 9.532
E43: =D43/1000*C43 -> 0
A44: GPM | B44: Gin 0,04 | C44: 40 | D44: 778.3 | E44: =D44/1000*C44 -> 31.132 | F44: =SUM(E44:E47) -> 118.132 | H44: =(G44-F44)/F44*100 -> -100
B45: Liquor peach 0,04 | C45: 40 | D45: 1280 | E45: =D45/1000*C45 -> 51.2
B46: Syrup green melon 0,04 | C46: 40 | D46: 395 | E46: =D46/1000*C46 -> 15.8
B47: Lemon fresh 0,04 | C47: 80 | D47: 250 | E47: =D47/1000*C47 -> 20
E48: =D48/1000*C48 -> 0
E49: =D49/1000*C49 -> 0
A50: Что нибудь | B50: Rum 0,04 | C50: 40 | D50: 823.82 | E50: =D50/1000*C50 -> 32.9528 | F50: =SUM(E50:E53) -> 135.5528 | H50: =(G50-F50)/F50*100 -> -100
B51: Liquor 0,06 | C51: 60 | D51: 1280 | E51: =D51/1000*C51 -> 76.8
B52: Lemon fresh 0,02 | C52: 40 | D52: 250 | E52: =D52/1000*C52 -> 10
B53: Syrup 0,04 | C53: 40 | D53: 395 | E53: =D53/1000*C53 -> 15.8
E54: =D54/1000*C54 -> 0
E55: =D55/1000*C55 -> 0
E56: =D56/1000*C56 -> 0
